2026-07-23T18:10:59.341+08:00  INFO 7 --- [main] run.halo.app.Application                 : Starting Application v2.19.3 using Java 21.0.4 with PID 7 (/application/BOOT-INF/classes started by root in /application)
2026-07-23T18:10:59.352+08:00  INFO 7 --- [main] run.halo.app.Application                 : No active profile set, falling back to 1 default profile: "default"
2026-07-23T18:11:00.366+08:00  WARN 7 --- [main] o.s.c.a.AnnotationBeanNameGenerator      : Support for convention-based stereotype names is deprecated and will be removed in a future version of the framework. Please annotate the 'value' attribute in @run.halo.app.theme.finders.Finder with @AliasFor(annotation=Component.class) to declare an explicit alias for @Component's 'value' attribute.
2026-07-23T18:11:06.146+08:00  INFO 7 --- [main] .s.d.r.c.RepositoryConfigurationDelegate : Multiple Spring Data modules found, entering strict repository configuration mode
2026-07-23T18:11:06.155+08:00  INFO 7 --- [main] .s.d.r.c.RepositoryConfigurationDelegate : Bootstrapping Spring Data R2DBC repositories in DEFAULT mode.
2026-07-23T18:11:06.830+08:00  INFO 7 --- [main] .s.d.r.c.RepositoryConfigurationDelegate : Finished Spring Data repository scanning in 599 ms. Found 1 R2DBC repository interface.
2026-07-23T18:11:17.326+08:00  INFO 7 --- [main] org.pf4j.DefaultPluginStatusProvider     : Enabled plugins: []
2026-07-23T18:11:17.333+08:00  INFO 7 --- [main] org.pf4j.DefaultPluginStatusProvider     : Disabled plugins: []
2026-07-23T18:11:17.344+08:00  INFO 7 --- [main] org.pf4j.DefaultPluginManager            : PF4J version 3.12.0 in 'deployment' mode
2026-07-23T18:11:17.665+08:00  INFO 7 --- [main] r.h.a.s.a.impl.RsaKeyService             : Generating RSA keys for PAT.
2026-07-23T18:11:22.998+08:00  INFO 7 --- [main] r.h.a.s.a.impl.RsaKeyService             : Wrote RSA keys for PAT into /root/.halo2/keys/pat_id_rsa and /root/.halo2/keys/pat_id_rsa.pub
2026-07-23T18:11:31.413+08:00  INFO 7 --- [main] o.a.l.s.MemorySegmentIndexInputProvider  : Using MemorySegmentIndexInput and native madvise support with Java 21 or later; to disable start with -Dorg.apache.lucene.store.MMapDirectory.enableMemorySegments=false
2026-07-23T18:11:31.415+08:00  INFO 7 --- [main] r.h.a.search.lucene.LuceneSearchEngine   : Initialized lucene search engine
2026-07-23T18:11:34.225+08:00  INFO 7 --- [main] o.s.b.a.e.web.EndpointLinksResolver      : Exposing 34 endpoints beneath base path '/actuator'
2026-07-23T18:11:37.767+08:00  INFO 7 --- [main] o.s.b.web.embedded.netty.NettyWebServer  : Netty started on port 8090 (http)
2026-07-23T18:11:37.778+08:00  INFO 7 --- [main] r.h.a.e.controller.DefaultController     : Starting controller run.halo.app.metrics.VisitedEventReconciler
2026-07-23T18:11:37.791+08:00  INFO 7 --- [main] r.h.a.e.controller.DefaultController     : Starting controller run.halo.app.content.TagPostCountUpdater
2026-07-23T18:11:37.793+08:00  INFO 7 --- [main] r.h.a.e.controller.DefaultController     : Starting controller run.halo.app.content.CategoryPostCountUpdater
2026-07-23T18:11:37.796+08:00  INFO 7 --- [main] r.h.a.e.controller.DefaultController     : Starting controller run.halo.app.metrics.VotedEventReconciler
2026-07-23T18:11:37.798+08:00  INFO 7 --- [main] r.h.a.e.controller.DefaultController     : Starting controller run.halo.app.content.PostHideFromListStateUpdater
2026-07-23T18:11:37.800+08:00  INFO 7 --- [main] r.h.a.e.controller.DefaultController     : Starting controller run.halo.app.metrics.ReplyEventReconciler
2026-07-23T18:11:37.802+08:00  INFO 7 --- [main] r.h.a.e.controller.DefaultController     : Starting controller run.halo.app.metrics.PostStatsUpdater
2026-07-23T18:11:37.804+08:00  INFO 7 --- [main] r.h.a.e.controller.DefaultController     : Starting controller run.halo.app.notification.DefaultNotificationSender
2026-07-23T18:11:37.805+08:00  INFO 7 --- [run.halo.app.content.CategoryPostCountUpdater-t-1] r.h.a.e.controller.DefaultController     : Controller worker run.halo.app.content.CategoryPostCountUpdater-worker-1 started
2026-07-23T18:11:37.806+08:00  INFO 7 --- [run.halo.app.content.PostHideFromListStateUpdater-t-1] r.h.a.e.controller.DefaultController     : Controller worker run.halo.app.content.PostHideFromListStateUpdater-worker-1 started
2026-07-23T18:11:37.813+08:00  INFO 7 --- [run.halo.app.content.TagPostCountUpdater-t-1] r.h.a.e.controller.DefaultController     : Controller worker run.halo.app.content.TagPostCountUpdater-worker-1 started
2026-07-23T18:11:37.807+08:00  INFO 7 --- [run.halo.app.metrics.VotedEventReconciler-t-1] r.h.a.e.controller.DefaultController     : Controller worker run.halo.app.metrics.VotedEventReconciler-worker-1 started
2026-07-23T18:11:37.816+08:00  INFO 7 --- [run.halo.app.metrics.VisitedEventReconciler-t-1] r.h.a.e.controller.DefaultController     : Controller worker run.halo.app.metrics.VisitedEventReconciler-worker-1 started
2026-07-23T18:11:37.810+08:00  INFO 7 --- [run.halo.app.metrics.ReplyEventReconciler-t-1] r.h.a.e.controller.DefaultController     : Controller worker run.halo.app.metrics.ReplyEventReconciler-worker-1 started
2026-07-23T18:11:37.810+08:00  INFO 7 --- [run.halo.app.metrics.PostStatsUpdater-t-1] r.h.a.e.controller.DefaultController     : Controller worker run.halo.app.metrics.PostStatsUpdater-worker-1 started
2026-07-23T18:11:37.819+08:00  INFO 7 --- [run.halo.app.notification.DefaultNotificationSender-t-2] r.h.a.e.controller.DefaultController     : Controller worker run.halo.app.notification.DefaultNotificationSender-worker-2 started
2026-07-23T18:11:37.822+08:00  INFO 7 --- [run.halo.app.notification.DefaultNotificationSender-t-1] r.h.a.e.controller.DefaultController     : Controller worker run.halo.app.notification.DefaultNotificationSender-worker-1 started
2026-07-23T18:11:37.824+08:00  INFO 7 --- [run.halo.app.notification.DefaultNotificationSender-t-3] r.h.a.e.controller.DefaultController     : Controller worker run.halo.app.notification.DefaultNotificationSender-worker-3 started
2026-07-23T18:11:37.831+08:00  INFO 7 --- [run.halo.app.notification.DefaultNotificationSender-t-4] r.h.a.e.controller.DefaultController     : Controller worker run.halo.app.notification.DefaultNotificationSender-worker-4 started
2026-07-23T18:11:37.832+08:00  INFO 7 --- [run.halo.app.notification.DefaultNotificationSender-t-5] r.h.a.e.controller.DefaultController     : Controller worker run.halo.app.notification.DefaultNotificationSender-worker-5 started
2026-07-23T18:11:37.971+08:00  INFO 7 --- [main] r.h.a.e.ReactiveExtensionClientImpl      : Start building index for all extensions, please wait...
2026-07-23T18:11:38.577+08:00  INFO 7 --- [main] r.h.a.e.index.IndexerFactoryImpl         : Start building index for type: /registry/roles, please wait...
2026-07-23T18:11:38.626+08:00  INFO 7 --- [main] r.h.a.e.index.IndexerFactoryImpl         : Index for type: /registry/roles built successfully, cost 50 ms
2026-07-23T18:11:38.687+08:00  INFO 7 --- [main] r.h.a.e.index.IndexerFactoryImpl         : Start building index for type: /registry/plugin.halo.run/plugins, please wait...
2026-07-23T18:11:38.688+08:00  INFO 7 --- [main] r.h.a.e.index.IndexerFactoryImpl         : Index for type: /registry/plugin.halo.run/plugins built successfully, cost 0 ms
2026-07-23T18:11:38.719+08:00  INFO 7 --- [main] r.h.a.e.index.IndexerFactoryImpl         : Start building index for type: /registry/plugin.halo.run/searchengines, please wait...
2026-07-23T18:11:38.721+08:00  INFO 7 --- [main] r.h.a.e.index.IndexerFactoryImpl         : Index for type: /registry/plugin.halo.run/searchengines built successfully, cost 1 ms
2026-07-23T18:11:38.749+08:00  INFO 7 --- [main] r.h.a.e.index.IndexerFactoryImpl         : Start building index for type: /registry/plugin.halo.run/extensionpointdefinitions, please wait...
2026-07-23T18:11:38.750+08:00  INFO 7 --- [main] r.h.a.e.index.IndexerFactoryImpl         : Index for type: /registry/plugin.halo.run/extensionpointdefinitions built successfully, cost 1 ms
2026-07-23T18:11:38.777+08:00  INFO 7 --- [main] r.h.a.e.index.IndexerFactoryImpl         : Start building index for type: /registry/plugin.halo.run/extensiondefinitions, please wait...
2026-07-23T18:11:38.778+08:00  INFO 7 --- [main] r.h.a.e.index.IndexerFactoryImpl         : Index for type: /registry/plugin.halo.run/extensiondefinitions built successfully, cost 1 ms
2026-07-23T18:11:38.805+08:00  INFO 7 --- [main] r.h.a.e.index.IndexerFactoryImpl         : Start building index for type: /registry/rolebindings, please wait...
2026-07-23T18:11:38.806+08:00  INFO 7 --- [main] r.h.a.e.index.IndexerFactoryImpl         : Index for type: /registry/rolebindings built successfully, cost 1 ms
2026-07-23T18:11:38.832+08:00  INFO 7 --- [main] r.h.a.e.index.IndexerFactoryImpl         : Start building index for type: /registry/users, please wait...
2026-07-23T18:11:38.834+08:00  INFO 7 --- [main] r.h.a.e.index.IndexerFactoryImpl         : Index for type: /registry/users built successfully, cost 1 ms
2026-07-23T18:11:38.918+08:00  INFO 7 --- [main] r.h.a.e.index.IndexerFactoryImpl         : Start building index for type: /registry/plugin.halo.run/reverseproxies, please wait...
2026-07-23T18:11:38.920+08:00  INFO 7 --- [main] r.h.a.e.index.IndexerFactoryImpl         : Index for type: /registry/plugin.halo.run/reverseproxies built successfully, cost 2 ms
2026-07-23T18:11:38.964+08:00  INFO 7 --- [main] r.h.a.e.index.IndexerFactoryImpl         : Start building index for type: /registry/settings, please wait...
2026-07-23T18:11:38.966+08:00  INFO 7 --- [main] r.h.a.e.index.IndexerFactoryImpl         : Index for type: /registry/settings built successfully, cost 2 ms
2026-07-23T18:11:38.993+08:00  INFO 7 --- [main] r.h.a.e.index.IndexerFactoryImpl         : Start building index for type: /registry/annotationsettings, please wait...
2026-07-23T18:11:38.994+08:00  INFO 7 --- [main] r.h.a.e.index.IndexerFactoryImpl         : Index for type: /registry/annotationsettings built successfully, cost 1 ms
2026-07-23T18:11:39.018+08:00  INFO 7 --- [main] r.h.a.e.index.IndexerFactoryImpl         : Start building index for type: /registry/configmaps, please wait...
2026-07-23T18:11:39.021+08:00  INFO 7 --- [main] r.h.a.e.index.IndexerFactoryImpl         : Index for type: /registry/configmaps built successfully, cost 3 ms
2026-07-23T18:11:39.050+08:00  INFO 7 --- [main] r.h.a.e.index.IndexerFactoryImpl         : Start building index for type: /registry/secrets, please wait...
2026-07-23T18:11:39.051+08:00  INFO 7 --- [main] r.h.a.e.index.IndexerFactoryImpl         : Index for type: /registry/secrets built successfully, cost 1 ms
2026-07-23T18:11:39.073+08:00  INFO 7 --- [main] r.h.a.e.index.IndexerFactoryImpl         : Start building index for type: /registry/theme.halo.run/themes, please wait...
2026-07-23T18:11:39.074+08:00  INFO 7 --- [main] r.h.a.e.index.IndexerFactoryImpl         : Index for type: /registry/theme.halo.run/themes built successfully, cost 1 ms
2026-07-23T18:11:39.099+08:00  INFO 7 --- [main] r.h.a.e.index.IndexerFactoryImpl         : Start building index for type: /registry/menus, please wait...
2026-07-23T18:11:39.101+08:00  INFO 7 --- [main] r.h.a.e.index.IndexerFactoryImpl         : Index for type: /registry/menus built successfully, cost 1 ms
2026-07-23T18:11:39.139+08:00  INFO 7 --- [main] r.h.a.e.index.IndexerFactoryImpl         : Start building index for type: /registry/menuitems, please wait...
2026-07-23T18:11:39.140+08:00  INFO 7 --- [main] r.h.a.e.index.IndexerFactoryImpl         : Index for type: /registry/menuitems built successfully, cost 1 ms
2026-07-23T18:11:39.178+08:00  INFO 7 --- [main] r.h.a.e.index.IndexerFactoryImpl         : Start building index for type: /registry/content.halo.run/posts, please wait...
2026-07-23T18:11:39.180+08:00  INFO 7 --- [main] r.h.a.e.index.IndexerFactoryImpl         : Index for type: /registry/content.halo.run/posts built successfully, cost 2 ms
2026-07-23T18:11:39.231+08:00  INFO 7 --- [main] r.h.a.e.index.IndexerFactoryImpl         : Start building index for type: /registry/content.halo.run/categories, please wait...
2026-07-23T18:11:39.233+08:00  INFO 7 --- [main] r.h.a.e.index.IndexerFactoryImpl         : Index for type: /registry/content.halo.run/categories built successfully, cost 1 ms
2026-07-23T18:11:39.274+08:00  INFO 7 --- [main] r.h.a.e.index.IndexerFactoryImpl         : Start building index for type: /registry/content.halo.run/tags, please wait...
2026-07-23T18:11:39.275+08:00  INFO 7 --- [main] r.h.a.e.index.IndexerFactoryImpl         : Index for type: /registry/content.halo.run/tags built successfully, cost 1 ms
2026-07-23T18:11:39.316+08:00  INFO 7 --- [main] r.h.a.e.index.IndexerFactoryImpl         : Start building index for type: /registry/content.halo.run/snapshots, please wait...
2026-07-23T18:11:39.317+08:00  INFO 7 --- [main] r.h.a.e.index.IndexerFactoryImpl         : Index for type: /registry/content.halo.run/snapshots built successfully, cost 1 ms
2026-07-23T18:11:39.356+08:00  INFO 7 --- [main] r.h.a.e.index.IndexerFactoryImpl         : Start building index for type: /registry/content.halo.run/comments, please wait...
2026-07-23T18:11:39.358+08:00  INFO 7 --- [main] r.h.a.e.index.IndexerFactoryImpl         : Index for type: /registry/content.halo.run/comments built successfully, cost 2 ms
2026-07-23T18:11:39.399+08:00  INFO 7 --- [main] r.h.a.e.index.IndexerFactoryImpl         : Start building index for type: /registry/content.halo.run/replies, please wait...
2026-07-23T18:11:39.400+08:00  INFO 7 --- [main] r.h.a.e.index.IndexerFactoryImpl         : Index for type: /registry/content.halo.run/replies built successfully, cost 2 ms
2026-07-23T18:11:39.444+08:00  INFO 7 --- [main] r.h.a.e.index.IndexerFactoryImpl         : Start building index for type: /registry/content.halo.run/singlepages, please wait...
2026-07-23T18:11:39.447+08:00  INFO 7 --- [main] r.h.a.e.index.IndexerFactoryImpl         : Index for type: /registry/content.halo.run/singlepages built successfully, cost 3 ms
2026-07-23T18:11:39.487+08:00  INFO 7 --- [main] r.h.a.e.index.IndexerFactoryImpl         : Start building index for type: /registry/storage.halo.run/groups, please wait...
2026-07-23T18:11:39.488+08:00  INFO 7 --- [main] r.h.a.e.index.IndexerFactoryImpl         : Index for type: /registry/storage.halo.run/groups built successfully, cost 1 ms
2026-07-23T18:11:39.528+08:00  INFO 7 --- [main] r.h.a.e.index.IndexerFactoryImpl         : Start building index for type: /registry/storage.halo.run/policies, please wait...
2026-07-23T18:11:39.529+08:00  INFO 7 --- [main] r.h.a.e.index.IndexerFactoryImpl         : Index for type: /registry/storage.halo.run/policies built successfully, cost 1 ms
2026-07-23T18:11:39.566+08:00  INFO 7 --- [main] r.h.a.e.index.IndexerFactoryImpl         : Start building index for type: /registry/storage.halo.run/attachments, please wait...
2026-07-23T18:11:39.567+08:00  INFO 7 --- [main] r.h.a.e.index.IndexerFactoryImpl         : Index for type: /registry/storage.halo.run/attachments built successfully, cost 1 ms
2026-07-23T18:11:39.611+08:00  INFO 7 --- [main] r.h.a.e.index.IndexerFactoryImpl         : Start building index for type: /registry/storage.halo.run/policytemplates, please wait...
2026-07-23T18:11:39.612+08:00  INFO 7 --- [main] r.h.a.e.index.IndexerFactoryImpl         : Index for type: /registry/storage.halo.run/policytemplates built successfully, cost 1 ms
2026-07-23T18:11:39.654+08:00  INFO 7 --- [main] r.h.a.e.index.IndexerFactoryImpl         : Start building index for type: /registry/storage.halo.run/thumbnails, please wait...
2026-07-23T18:11:39.656+08:00  INFO 7 --- [main] r.h.a.e.index.IndexerFactoryImpl         : Index for type: /registry/storage.halo.run/thumbnails built successfully, cost 2 ms
2026-07-23T18:11:39.695+08:00  INFO 7 --- [main] r.h.a.e.index.IndexerFactoryImpl         : Start building index for type: /registry/storage.halo.run/localthumbnails, please wait...
2026-07-23T18:11:39.697+08:00  INFO 7 --- [main] r.h.a.e.index.IndexerFactoryImpl         : Index for type: /registry/storage.halo.run/localthumbnails built successfully, cost 2 ms
2026-07-23T18:11:39.733+08:00  INFO 7 --- [main] r.h.a.e.index.IndexerFactoryImpl         : Start building index for type: /registry/metrics.halo.run/counters, please wait...
2026-07-23T18:11:39.734+08:00  INFO 7 --- [main] r.h.a.e.index.IndexerFactoryImpl         : Index for type: /registry/metrics.halo.run/counters built successfully, cost 1 ms
2026-07-23T18:11:39.767+08:00  INFO 7 --- [main] r.h.a.e.index.IndexerFactoryImpl         : Start building index for type: /registry/auth.halo.run/authproviders, please wait...
2026-07-23T18:11:39.768+08:00  INFO 7 --- [main] r.h.a.e.index.IndexerFactoryImpl         : Index for type: /registry/auth.halo.run/authproviders built successfully, cost 1 ms
2026-07-23T18:11:39.796+08:00  INFO 7 --- [main] r.h.a.e.index.IndexerFactoryImpl         : Start building index for type: /registry/auth.halo.run/userconnections, please wait...
2026-07-23T18:11:39.797+08:00  INFO 7 --- [main] r.h.a.e.index.IndexerFactoryImpl         : Index for type: /registry/auth.halo.run/userconnections built successfully, cost 1 ms
2026-07-23T18:11:39.825+08:00  INFO 7 --- [main] r.h.a.e.index.IndexerFactoryImpl         : Start building index for type: /registry/security.halo.run/personalaccesstokens, please wait...
2026-07-23T18:11:39.826+08:00  INFO 7 --- [main] r.h.a.e.index.IndexerFactoryImpl         : Index for type: /registry/security.halo.run/personalaccesstokens built successfully, cost 1 ms
2026-07-23T18:11:39.854+08:00  INFO 7 --- [main] r.h.a.e.index.IndexerFactoryImpl         : Start building index for type: /registry/security.halo.run/remembermetokens, please wait...
2026-07-23T18:11:39.855+08:00  INFO 7 --- [main] r.h.a.e.index.IndexerFactoryImpl         : Index for type: /registry/security.halo.run/remembermetokens built successfully, cost 1 ms
2026-07-23T18:11:39.888+08:00  INFO 7 --- [main] r.h.a.e.index.IndexerFactoryImpl         : Start building index for type: /registry/security.halo.run/devices, please wait...
2026-07-23T18:11:39.889+08:00  INFO 7 --- [main] r.h.a.e.index.IndexerFactoryImpl         : Index for type: /registry/security.halo.run/devices built successfully, cost 1 ms
2026-07-23T18:11:39.924+08:00  INFO 7 --- [main] r.h.a.e.index.IndexerFactoryImpl         : Start building index for type: /registry/migration.halo.run/backups, please wait...
2026-07-23T18:11:39.925+08:00  INFO 7 --- [main] r.h.a.e.index.IndexerFactoryImpl         : Index for type: /registry/migration.halo.run/backups built successfully, cost 2 ms
2026-07-23T18:11:39.958+08:00  INFO 7 --- [main] r.h.a.e.index.IndexerFactoryImpl         : Start building index for type: /registry/notification.halo.run/reasontypes, please wait...
2026-07-23T18:11:39.959+08:00  INFO 7 --- [main] r.h.a.e.index.IndexerFactoryImpl         : Index for type: /registry/notification.halo.run/reasontypes built successfully, cost 0 ms
2026-07-23T18:11:39.984+08:00  INFO 7 --- [main] r.h.a.e.index.IndexerFactoryImpl         : Start building index for type: /registry/notification.halo.run/reasons, please wait...
2026-07-23T18:11:39.984+08:00  INFO 7 --- [main] r.h.a.e.index.IndexerFactoryImpl         : Index for type: /registry/notification.halo.run/reasons built successfully, cost 1 ms
2026-07-23T18:11:40.014+08:00  INFO 7 --- [main] r.h.a.e.index.IndexerFactoryImpl         : Start building index for type: /registry/notification.halo.run/notificationtemplates, please wait...
2026-07-23T18:11:40.015+08:00  INFO 7 --- [main] r.h.a.e.index.IndexerFactoryImpl         : Index for type: /registry/notification.halo.run/notificationtemplates built successfully, cost 1 ms
2026-07-23T18:11:40.047+08:00  INFO 7 --- [main] r.h.a.e.index.IndexerFactoryImpl         : Start building index for type: /registry/notification.halo.run/subscriptions, please wait...
2026-07-23T18:11:40.048+08:00  INFO 7 --- [main] r.h.a.e.index.IndexerFactoryImpl         : Index for type: /registry/notification.halo.run/subscriptions built successfully, cost 1 ms
2026-07-23T18:11:40.091+08:00  INFO 7 --- [main] r.h.a.e.index.IndexerFactoryImpl         : Start building index for type: /registry/notification.halo.run/notifierDescriptors, please wait...
2026-07-23T18:11:40.092+08:00  INFO 7 --- [main] r.h.a.e.index.IndexerFactoryImpl         : Index for type: /registry/notification.halo.run/notifierDescriptors built successfully, cost 1 ms
2026-07-23T18:11:40.137+08:00  INFO 7 --- [main] r.h.a.e.index.IndexerFactoryImpl         : Start building index for type: /registry/notification.halo.run/notifications, please wait...
2026-07-23T18:11:40.139+08:00  INFO 7 --- [main] r.h.a.e.index.IndexerFactoryImpl         : Index for type: /registry/notification.halo.run/notifications built successfully, cost 2 ms
2026-07-23T18:11:40.153+08:00  INFO 7 --- [main] r.h.a.e.ReactiveExtensionClientImpl      : Successfully built index in 2182ms, Preparing to lunch application...
2026-07-23T18:11:40.156+08:00  INFO 7 --- [main] run.halo.app.Application                 : Started Application in 51.108 seconds (process running for 53.645)
2026-07-23T18:11:40.780+08:00  WARN 7 --- [main] io.r2dbc.h2.H2Connection                 : Option{name='readOnly', sensitive=false} + isn't supported in H2 at the transaction level. You must set it on conenction URL. See http://www.h2database.com/html/features.html#read_only
2026-07-23T18:11:40.987+08:00  WARN 7 --- [main] io.r2dbc.h2.H2Connection                 : Option{name='readOnly', sensitive=false} + isn't supported in H2 at the transaction level. You must set it on conenction URL. See http://www.h2database.com/html/features.html#read_only
2026-07-23T18:11:41.030+08:00  WARN 7 --- [main] io.r2dbc.h2.H2Connection                 : Option{name='readOnly', sensitive=false} + isn't supported in H2 at the transaction level. You must set it on conenction URL. See http://www.h2database.com/html/features.html#read_only
2026-07-23T18:11:41.079+08:00  WARN 7 --- [main] io.r2dbc.h2.H2Connection                 : Option{name='readOnly', sensitive=false} + isn't supported in H2 at the transaction level. You must set it on conenction URL. See http://www.h2database.com/html/features.html#read_only
2026-07-23T18:11:41.141+08:00  WARN 7 --- [main] io.r2dbc.h2.H2Connection                 : Option{name='readOnly', sensitive=false} + isn't supported in H2 at the transaction level. You must set it on conenction URL. See http://www.h2database.com/html/features.html#read_only
2026-07-23T18:11:41.203+08:00  WARN 7 --- [main] io.r2dbc.h2.H2Connection                 : Option{name='readOnly', sensitive=false} + isn't supported in H2 at the transaction level. You must set it on conenction URL. See http://www.h2database.com/html/features.html#read_only
2026-07-23T18:11:41.284+08:00  WARN 7 --- [main] io.r2dbc.h2.H2Connection                 : Option{name='readOnly', sensitive=false} + isn't supported in H2 at the transaction level. You must set it on conenction URL. See http://www.h2database.com/html/features.html#read_only
2026-07-23T18:11:41.328+08:00  WARN 7 --- [main] io.r2dbc.h2.H2Connection                 : Option{name='readOnly', sensitive=false} + isn't supported in H2 at the transaction level. You must set it on conenction URL. See http://www.h2database.com/html/features.html#read_only
2026-07-23T18:11:41.370+08:00  WARN 7 --- [main] io.r2dbc.h2.H2Connection                 : Option{name='readOnly', sensitive=false} + isn't supported in H2 at the transaction level. You must set it on conenction URL. See http://www.h2database.com/html/features.html#read_only
2026-07-23T18:11:41.411+08:00  WARN 7 --- [main] io.r2dbc.h2.H2Connection                 : Option{name='readOnly', sensitive=false} + isn't supported in H2 at the transaction level. You must set it on conenction URL. See http://www.h2database.com/html/features.html#read_only
2026-07-23T18:11:41.442+08:00  WARN 7 --- [main] io.r2dbc.h2.H2Connection                 : Option{name='readOnly', sensitive=false} + isn't supported in H2 at the transaction level. You must set it on conenction URL. See http://www.h2database.com/html/features.html#read_only
2026-07-23T18:11:41.557+08:00  WARN 7 --- [main] io.r2dbc.h2.H2Connection                 : Option{name='readOnly', sensitive=false} + isn't supported in H2 at the transaction level. You must set it on conenction URL. See http://www.h2database.com/html/features.html#read_only
2026-07-23T18:11:41.598+08:00  WARN 7 --- [main] io.r2dbc.h2.H2Connection                 : Option{name='readOnly', sensitive=false} + isn't supported in H2 at the transaction level. You must set it on conenction URL. See http://www.h2database.com/html/features.html#read_only
2026-07-23T18:11:41.639+08:00  WARN 7 --- [main] io.r2dbc.h2.H2Connection                 : Option{name='readOnly', sensitive=false} + isn't supported in H2 at the transaction level. You must set it on conenction URL. See http://www.h2database.com/html/features.html#read_only
2026-07-23T18:11:41.674+08:00  WARN 7 --- [main] io.r2dbc.h2.H2Connection                 : Option{name='readOnly', sensitive=false} + isn't supported in H2 at the transaction level. You must set it on conenction URL. See http://www.h2database.com/html/features.html#read_only
2026-07-23T18:11:41.707+08:00  WARN 7 --- [main] io.r2dbc.h2.H2Connection                 : Option{name='readOnly', sensitive=false} + isn't supported in H2 at the transaction level. You must set it on conenction URL. See http://www.h2database.com/html/features.html#read_only
2026-07-23T18:11:41.738+08:00  WARN 7 --- [main] io.r2dbc.h2.H2Connection                 : Option{name='readOnly', sensitive=false} + isn't supported in H2 at the transaction level. You must set it on conenction URL. See http://www.h2database.com/html/features.html#read_only
2026-07-23T18:11:41.765+08:00  WARN 7 --- [main] io.r2dbc.h2.H2Connection                 : Option{name='readOnly', sensitive=false} + isn't supported in H2 at the transaction level. You must set it on conenction URL. See http://www.h2database.com/html/features.html#read_only
2026-07-23T18:11:41.791+08:00  WARN 7 --- [main] io.r2dbc.h2.H2Connection                 : Option{name='readOnly', sensitive=false} + isn't supported in H2 at the transaction level. You must set it on conenction URL. See http://www.h2database.com/html/features.html#read_only
2026-07-23T18:11:41.827+08:00  WARN 7 --- [main] io.r2dbc.h2.H2Connection                 : Option{name='readOnly', sensitive=false} + isn't supported in H2 at the transaction level. You must set it on conenction URL. See http://www.h2database.com/html/features.html#read_only
2026-07-23T18:11:41.867+08:00  WARN 7 --- [main] io.r2dbc.h2.H2Connection                 : Option{name='readOnly', sensitive=false} + isn't supported in H2 at the transaction level. You must set it on conenction URL. See http://www.h2database.com/html/features.html#read_only
2026-07-23T18:11:41.964+08:00  WARN 7 --- [main] io.r2dbc.h2.H2Connection                 : Option{name='readOnly', sensitive=false} + isn't supported in H2 at the transaction level. You must set it on conenction URL. See http://www.h2database.com/html/features.html#read_only
2026-07-23T18:11:41.990+08:00  WARN 7 --- [main] io.r2dbc.h2.H2Connection                 : Option{name='readOnly', sensitive=false} + isn't supported in H2 at the transaction level. You must set it on conenction URL. See http://www.h2database.com/html/features.html#read_only
2026-07-23T18:11:42.017+08:00  WARN 7 --- [main] io.r2dbc.h2.H2Connection                 : Option{name='readOnly', sensitive=false} + isn't supported in H2 at the transaction level. You must set it on conenction URL. See http://www.h2database.com/html/features.html#read_only
2026-07-23T18:11:42.048+08:00  WARN 7 --- [main] io.r2dbc.h2.H2Connection                 : Option{name='readOnly', sensitive=false} + isn't supported in H2 at the transaction level. You must set it on conenction URL. See http://www.h2database.com/html/features.html#read_only
2026-07-23T18:11:42.083+08:00  WARN 7 --- [main] io.r2dbc.h2.H2Connection                 : Option{name='readOnly', sensitive=false} + isn't supported in H2 at the transaction level. You must set it on conenction URL. See http://www.h2database.com/html/features.html#read_only
2026-07-23T18:11:42.113+08:00  WARN 7 --- [main] io.r2dbc.h2.H2Connection                 : Option{name='readOnly', sensitive=false} + isn't supported in H2 at the transaction level. You must set it on conenction URL. See http://www.h2database.com/html/features.html#read_only
2026-07-23T18:11:42.230+08:00  WARN 7 --- [main] io.r2dbc.h2.H2Connection                 : Option{name='readOnly', sensitive=false} + isn't supported in H2 at the transaction level. You must set it on conenction URL. See http://www.h2database.com/html/features.html#read_only
2026-07-23T18:11:42.271+08:00  WARN 7 --- [main] io.r2dbc.h2.H2Connection                 : Option{name='readOnly', sensitive=false} + isn't supported in H2 at the transaction level. You must set it on conenction URL. See http://www.h2database.com/html/features.html#read_only
2026-07-23T18:11:42.314+08:00  WARN 7 --- [main] io.r2dbc.h2.H2Connection                 : Option{name='readOnly', sensitive=false} + isn't supported in H2 at the transaction level. You must set it on conenction URL. See http://www.h2database.com/html/features.html#read_only
2026-07-23T18:11:42.347+08:00  WARN 7 --- [main] io.r2dbc.h2.H2Connection                 : Option{name='readOnly', sensitive=false} + isn't supported in H2 at the transaction level. You must set it on conenction URL. See http://www.h2database.com/html/features.html#read_only
2026-07-23T18:11:42.380+08:00  WARN 7 --- [main] io.r2dbc.h2.H2Connection                 : Option{name='readOnly', sensitive=false} + isn't supported in H2 at the transaction level. You must set it on conenction URL. See http://www.h2database.com/html/features.html#read_only
2026-07-23T18:11:42.418+08:00  WARN 7 --- [main] io.r2dbc.h2.H2Connection                 : Option{name='readOnly', sensitive=false} + isn't supported in H2 at the transaction level. You must set it on conenction URL. See http://www.h2database.com/html/features.html#read_only
2026-07-23T18:11:42.461+08:00  WARN 7 --- [main] io.r2dbc.h2.H2Connection                 : Option{name='readOnly', sensitive=false} + isn't supported in H2 at the transaction level. You must set it on conenction URL. See http://www.h2database.com/html/features.html#read_only
2026-07-23T18:11:42.493+08:00  WARN 7 --- [main] io.r2dbc.h2.H2Connection                 : Option{name='readOnly', sensitive=false} + isn't supported in H2 at the transaction level. You must set it on conenction URL. See http://www.h2database.com/html/features.html#read_only
2026-07-23T18:11:42.550+08:00  WARN 7 --- [main] io.r2dbc.h2.H2Connection                 : Option{name='readOnly', sensitive=false} + isn't supported in H2 at the transaction level. You must set it on conenction URL. See http://www.h2database.com/html/features.html#read_only
2026-07-23T18:11:42.616+08:00  WARN 7 --- [main] io.r2dbc.h2.H2Connection                 : Option{name='readOnly', sensitive=false} + isn't supported in H2 at the transaction level. You must set it on conenction URL. See http://www.h2database.com/html/features.html#read_only
2026-07-23T18:11:42.656+08:00  WARN 7 --- [main] io.r2dbc.h2.H2Connection                 : Option{name='readOnly', sensitive=false} + isn't supported in H2 at the transaction level. You must set it on conenction URL. See http://www.h2database.com/html/features.html#read_only
2026-07-23T18:11:42.712+08:00  WARN 7 --- [main] io.r2dbc.h2.H2Connection                 : Option{name='readOnly', sensitive=false} + isn't supported in H2 at the transaction level. You must set it on conenction URL. See http://www.h2database.com/html/features.html#read_only
2026-07-23T18:11:42.746+08:00  WARN 7 --- [main] io.r2dbc.h2.H2Connection                 : Option{name='readOnly', sensitive=false} + isn't supported in H2 at the transaction level. You must set it on conenction URL. See http://www.h2database.com/html/features.html#read_only
2026-07-23T18:11:42.819+08:00  WARN 7 --- [main] io.r2dbc.h2.H2Connection                 : Option{name='readOnly', sensitive=false} + isn't supported in H2 at the transaction level. You must set it on conenction URL. See http://www.h2database.com/html/features.html#read_only
2026-07-23T18:11:42.850+08:00  WARN 7 --- [main] io.r2dbc.h2.H2Connection                 : Option{name='readOnly', sensitive=false} + isn't supported in H2 at the transaction level. You must set it on conenction URL. See http://www.h2database.com/html/features.html#read_only
2026-07-23T18:11:42.887+08:00  WARN 7 --- [main] io.r2dbc.h2.H2Connection                 : Option{name='readOnly', sensitive=false} + isn't supported in H2 at the transaction level. You must set it on conenction URL. See http://www.h2database.com/html/features.html#read_only
2026-07-23T18:11:42.919+08:00  WARN 7 --- [main] io.r2dbc.h2.H2Connection                 : Option{name='readOnly', sensitive=false} + isn't supported in H2 at the transaction level. You must set it on conenction URL. See http://www.h2database.com/html/features.html#read_only
2026-07-23T18:11:42.948+08:00  WARN 7 --- [main] io.r2dbc.h2.H2Connection                 : Option{name='readOnly', sensitive=false} + isn't supported in H2 at the transaction level. You must set it on conenction URL. See http://www.h2database.com/html/features.html#read_only
2026-07-23T18:11:42.973+08:00  WARN 7 --- [main] io.r2dbc.h2.H2Connection                 : Option{name='readOnly', sensitive=false} + isn't supported in H2 at the transaction level. You must set it on conenction URL. See http://www.h2database.com/html/features.html#read_only
2026-07-23T18:11:43.004+08:00  WARN 7 --- [main] io.r2dbc.h2.H2Connection                 : Option{name='readOnly', sensitive=false} + isn't supported in H2 at the transaction level. You must set it on conenction URL. See http://www.h2database.com/html/features.html#read_only
2026-07-23T18:11:43.031+08:00  WARN 7 --- [main] io.r2dbc.h2.H2Connection                 : Option{name='readOnly', sensitive=false} + isn't supported in H2 at the transaction level. You must set it on conenction URL. See http://www.h2database.com/html/features.html#read_only
2026-07-23T18:11:43.064+08:00  WARN 7 --- [main] io.r2dbc.h2.H2Connection                 : Option{name='readOnly', sensitive=false} + isn't supported in H2 at the transaction level. You must set it on conenction URL. See http://www.h2database.com/html/features.html#read_only
2026-07-23T18:11:43.123+08:00  WARN 7 --- [main] io.r2dbc.h2.H2Connection                 : Option{name='readOnly', sensitive=false} + isn't supported in H2 at the transaction level. You must set it on conenction URL. See http://www.h2database.com/html/features.html#read_only
2026-07-23T18:11:43.156+08:00  WARN 7 --- [main] io.r2dbc.h2.H2Connection                 : Option{name='readOnly', sensitive=false} + isn't supported in H2 at the transaction level. You must set it on conenction URL. See http://www.h2database.com/html/features.html#read_only
2026-07-23T18:11:43.203+08:00  WARN 7 --- [main] io.r2dbc.h2.H2Connection                 : Option{name='readOnly', sensitive=false} + isn't supported in H2 at the transaction level. You must set it on conenction URL. See http://www.h2database.com/html/features.html#read_only
2026-07-23T18:11:43.239+08:00  WARN 7 --- [main] io.r2dbc.h2.H2Connection                 : Option{name='readOnly', sensitive=false} + isn't supported in H2 at the transaction level. You must set it on conenction URL. See http://www.h2database.com/html/features.html#read_only
2026-07-23T18:11:43.289+08:00  WARN 7 --- [main] io.r2dbc.h2.H2Connection                 : Option{name='readOnly', sensitive=false} + isn't supported in H2 at the transaction level. You must set it on conenction URL. See http://www.h2database.com/html/features.html#read_only
2026-07-23T18:11:43.322+08:00  WARN 7 --- [main] io.r2dbc.h2.H2Connection                 : Option{name='readOnly', sensitive=false} + isn't supported in H2 at the transaction level. You must set it on conenction URL. See http://www.h2database.com/html/features.html#read_only
2026-07-23T18:11:43.370+08:00  WARN 7 --- [main] io.r2dbc.h2.H2Connection                 : Option{name='readOnly', sensitive=false} + isn't supported in H2 at the transaction level. You must set it on conenction URL. See http://www.h2database.com/html/features.html#read_only
2026-07-23T18:11:43.405+08:00  WARN 7 --- [main] io.r2dbc.h2.H2Connection                 : Option{name='readOnly', sensitive=false} + isn't supported in H2 at the transaction level. You must set it on conenction URL. See http://www.h2database.com/html/features.html#read_only
2026-07-23T18:11:43.445+08:00  WARN 7 --- [main] io.r2dbc.h2.H2Connection                 : Option{name='readOnly', sensitive=false} + isn't supported in H2 at the transaction level. You must set it on conenction URL. See http://www.h2database.com/html/features.html#read_only
2026-07-23T18:11:43.485+08:00  WARN 7 --- [main] io.r2dbc.h2.H2Connection                 : Option{name='readOnly', sensitive=false} + isn't supported in H2 at the transaction level. You must set it on conenction URL. See http://www.h2database.com/html/features.html#read_only
2026-07-23T18:11:43.536+08:00  WARN 7 --- [main] io.r2dbc.h2.H2Connection                 : Option{name='readOnly', sensitive=false} + isn't supported in H2 at the transaction level. You must set it on conenction URL. See http://www.h2database.com/html/features.html#read_only
2026-07-23T18:11:43.584+08:00  WARN 7 --- [main] io.r2dbc.h2.H2Connection                 : Option{name='readOnly', sensitive=false} + isn't supported in H2 at the transaction level. You must set it on conenction URL. See http://www.h2database.com/html/features.html#read_only
2026-07-23T18:11:43.631+08:00  WARN 7 --- [main] io.r2dbc.h2.H2Connection                 : Option{name='readOnly', sensitive=false} + isn't supported in H2 at the transaction level. You must set it on conenction URL. See http://www.h2database.com/html/features.html#read_only
2026-07-23T18:11:43.669+08:00  WARN 7 --- [main] io.r2dbc.h2.H2Connection                 : Option{name='readOnly', sensitive=false} + isn't supported in H2 at the transaction level. You must set it on conenction URL. See http://www.h2database.com/html/features.html#read_only
2026-07-23T18:11:43.715+08:00  WARN 7 --- [main] io.r2dbc.h2.H2Connection                 : Option{name='readOnly', sensitive=false} + isn't supported in H2 at the transaction level. You must set it on conenction URL. See http://www.h2database.com/html/features.html#read_only
2026-07-23T18:11:43.746+08:00  WARN 7 --- [main] io.r2dbc.h2.H2Connection                 : Option{name='readOnly', sensitive=false} + isn't supported in H2 at the transaction level. You must set it on conenction URL. See http://www.h2database.com/html/features.html#read_only
2026-07-23T18:11:43.795+08:00  WARN 7 --- [main] io.r2dbc.h2.H2Connection                 : Option{name='readOnly', sensitive=false} + isn't supported in H2 at the transaction level. You must set it on conenction URL. See http://www.h2database.com/html/features.html#read_only
2026-07-23T18:11:43.825+08:00  WARN 7 --- [main] io.r2dbc.h2.H2Connection                 : Option{name='readOnly', sensitive=false} + isn't supported in H2 at the transaction level. You must set it on conenction URL. See http://www.h2database.com/html/features.html#read_only
2026-07-23T18:11:43.874+08:00  WARN 7 --- [main] io.r2dbc.h2.H2Connection                 : Option{name='readOnly', sensitive=false} + isn't supported in H2 at the transaction level. You must set it on conenction URL. See http://www.h2database.com/html/features.html#read_only
2026-07-23T18:11:43.912+08:00  WARN 7 --- [main] io.r2dbc.h2.H2Connection                 : Option{name='readOnly', sensitive=false} + isn't supported in H2 at the transaction level. You must set it on conenction URL. See http://www.h2database.com/html/features.html#read_only
2026-07-23T18:11:43.959+08:00  WARN 7 --- [main] io.r2dbc.h2.H2Connection                 : Option{name='readOnly', sensitive=false} + isn't supported in H2 at the transaction level. You must set it on conenction URL. See http://www.h2database.com/html/features.html#read_only
2026-07-23T18:11:43.998+08:00  WARN 7 --- [main] io.r2dbc.h2.H2Connection                 : Option{name='readOnly', sensitive=false} + isn't supported in H2 at the transaction level. You must set it on conenction URL. See http://www.h2database.com/html/features.html#read_only
2026-07-23T18:11:44.040+08:00  WARN 7 --- [main] io.r2dbc.h2.H2Connection                 : Option{name='readOnly', sensitive=false} + isn't supported in H2 at the transaction level. You must set it on conenction URL. See http://www.h2database.com/html/features.html#read_only
2026-07-23T18:11:44.070+08:00  WARN 7 --- [main] io.r2dbc.h2.H2Connection                 : Option{name='readOnly', sensitive=false} + isn't supported in H2 at the transaction level. You must set it on conenction URL. See http://www.h2database.com/html/features.html#read_only
2026-07-23T18:11:44.102+08:00  WARN 7 --- [main] io.r2dbc.h2.H2Connection                 : Option{name='readOnly', sensitive=false} + isn't supported in H2 at the transaction level. You must set it on conenction URL. See http://www.h2database.com/html/features.html#read_only
2026-07-23T18:11:44.129+08:00  WARN 7 --- [main] io.r2dbc.h2.H2Connection                 : Option{name='readOnly', sensitive=false} + isn't supported in H2 at the transaction level. You must set it on conenction URL. See http://www.h2database.com/html/features.html#read_only
2026-07-23T18:11:44.168+08:00  WARN 7 --- [main] io.r2dbc.h2.H2Connection                 : Option{name='readOnly', sensitive=false} + isn't supported in H2 at the transaction level. You must set it on conenction URL. See http://www.h2database.com/html/features.html#read_only
2026-07-23T18:11:44.199+08:00  WARN 7 --- [main] io.r2dbc.h2.H2Connection                 : Option{name='readOnly', sensitive=false} + isn't supported in H2 at the transaction level. You must set it on conenction URL. See http://www.h2database.com/html/features.html#read_only
2026-07-23T18:11:44.247+08:00  WARN 7 --- [main] io.r2dbc.h2.H2Connection                 : Option{name='readOnly', sensitive=false} + isn't supported in H2 at the transaction level. You must set it on conenction URL. See http://www.h2database.com/html/features.html#read_only
2026-07-23T18:11:44.274+08:00  WARN 7 --- [main] io.r2dbc.h2.H2Connection                 : Option{name='readOnly', sensitive=false} + isn't supported in H2 at the transaction level. You must set it on conenction URL. See http://www.h2database.com/html/features.html#read_only
2026-07-23T18:11:44.302+08:00  WARN 7 --- [main] io.r2dbc.h2.H2Connection                 : Option{name='readOnly', sensitive=false} + isn't supported in H2 at the transaction level. You must set it on conenction URL. See http://www.h2database.com/html/features.html#read_only
2026-07-23T18:11:44.329+08:00  WARN 7 --- [main] io.r2dbc.h2.H2Connection                 : Option{name='readOnly', sensitive=false} + isn't supported in H2 at the transaction level. You must set it on conenction URL. See http://www.h2database.com/html/features.html#read_only
2026-07-23T18:11:44.359+08:00  WARN 7 --- [main] io.r2dbc.h2.H2Connection                 : Option{name='readOnly', sensitive=false} + isn't supported in H2 at the transaction level. You must set it on conenction URL. See http://www.h2database.com/html/features.html#read_only
2026-07-23T18:11:44.383+08:00  WARN 7 --- [main] io.r2dbc.h2.H2Connection                 : Option{name='readOnly', sensitive=false} + isn't supported in H2 at the transaction level. You must set it on conenction URL. See http://www.h2database.com/html/features.html#read_only
2026-07-23T18:11:44.413+08:00  WARN 7 --- [main] io.r2dbc.h2.H2Connection                 : Option{name='readOnly', sensitive=false} + isn't supported in H2 at the transaction level. You must set it on conenction URL. See http://www.h2database.com/html/features.html#read_only
2026-07-23T18:11:44.456+08:00  WARN 7 --- [main] io.r2dbc.h2.H2Connection                 : Option{name='readOnly', sensitive=false} + isn't supported in H2 at the transaction level. You must set it on conenction URL. See http://www.h2database.com/html/features.html#read_only
2026-07-23T18:11:44.482+08:00  WARN 7 --- [main] io.r2dbc.h2.H2Connection                 : Option{name='readOnly', sensitive=false} + isn't supported in H2 at the transaction level. You must set it on conenction URL. See http://www.h2database.com/html/features.html#read_only
2026-07-23T18:11:44.507+08:00  WARN 7 --- [main] io.r2dbc.h2.H2Connection                 : Option{name='readOnly', sensitive=false} + isn't supported in H2 at the transaction level. You must set it on conenction URL. See http://www.h2database.com/html/features.html#read_only
2026-07-23T18:11:44.553+08:00  WARN 7 --- [main] io.r2dbc.h2.H2Connection                 : Option{name='readOnly', sensitive=false} + isn't supported in H2 at the transaction level. You must set it on conenction URL. See http://www.h2database.com/html/features.html#read_only
2026-07-23T18:11:44.588+08:00  WARN 7 --- [main] io.r2dbc.h2.H2Connection                 : Option{name='readOnly', sensitive=false} + isn't supported in H2 at the transaction level. You must set it on conenction URL. See http://www.h2database.com/html/features.html#read_only
2026-07-23T18:11:44.622+08:00  WARN 7 --- [main] io.r2dbc.h2.H2Connection                 : Option{name='readOnly', sensitive=false} + isn't supported in H2 at the transaction level. You must set it on conenction URL. See http://www.h2database.com/html/features.html#read_only
2026-07-23T18:11:44.682+08:00  WARN 7 --- [main] io.r2dbc.h2.H2Connection                 : Option{name='readOnly', sensitive=false} + isn't supported in H2 at the transaction level. You must set it on conenction URL. See http://www.h2database.com/html/features.html#read_only
2026-07-23T18:11:44.742+08:00  WARN 7 --- [main] io.r2dbc.h2.H2Connection                 : Option{name='readOnly', sensitive=false} + isn't supported in H2 at the transaction level. You must set it on conenction URL. See http://www.h2database.com/html/features.html#read_only
2026-07-23T18:11:44.782+08:00  WARN 7 --- [main] io.r2dbc.h2.H2Connection                 : Option{name='readOnly', sensitive=false} + isn't supported in H2 at the transaction level. You must set it on conenction URL. See http://www.h2database.com/html/features.html#read_only
2026-07-23T18:11:44.803+08:00  INFO 7 --- [main] r.h.a.e.controller.DefaultController     : Starting controller garbage-collector-controller
2026-07-23T18:11:44.814+08:00  INFO 7 --- [garbage-collector-controller-t-1] r.h.a.e.controller.DefaultController     : Controller worker garbage-collector-controller-worker-1 started
2026-07-23T18:11:44.810+08:00  INFO 7 --- [garbage-collector-controller-t-3] r.h.a.e.controller.DefaultController     : Controller worker garbage-collector-controller-worker-3 started
2026-07-23T18:11:44.816+08:00  INFO 7 --- [garbage-collector-controller-t-2] r.h.a.e.controller.DefaultController     : Controller worker garbage-collector-controller-worker-2 started
2026-07-23T18:11:44.815+08:00  INFO 7 --- [garbage-collector-controller-t-5] r.h.a.e.controller.DefaultController     : Controller worker garbage-collector-controller-worker-5 started
2026-07-23T18:11:44.820+08:00  INFO 7 --- [garbage-collector-controller-t-7] r.h.a.e.controller.DefaultController     : Controller worker garbage-collector-controller-worker-7 started
2026-07-23T18:11:44.819+08:00  INFO 7 --- [garbage-collector-controller-t-6] r.h.a.e.controller.DefaultController     : Controller worker garbage-collector-controller-worker-6 started
2026-07-23T18:11:44.818+08:00  INFO 7 --- [garbage-collector-controller-t-4] r.h.a.e.controller.DefaultController     : Controller worker garbage-collector-controller-worker-4 started
2026-07-23T18:11:44.827+08:00  INFO 7 --- [garbage-collector-controller-t-9] r.h.a.e.controller.DefaultController     : Controller worker garbage-collector-controller-worker-9 started
2026-07-23T18:11:44.828+08:00  INFO 7 --- [garbage-collector-controller-t-10] r.h.a.e.controller.DefaultController     : Controller worker garbage-collector-controller-worker-10 started
2026-07-23T18:11:44.836+08:00  INFO 7 --- [garbage-collector-controller-t-8] r.h.a.e.controller.DefaultController     : Controller worker garbage-collector-controller-worker-8 started
2026-07-23T18:11:44.852+08:00  INFO 7 --- [main] r.h.a.e.controller.DefaultController     : Starting controller run.halo.app.core.extension.reconciler.SystemSettingReconciler
2026-07-23T18:11:44.856+08:00  INFO 7 --- [main] r.h.a.e.controller.DefaultController     : Starting controller run.halo.app.core.extension.reconciler.MenuItemReconciler
2026-07-23T18:11:44.862+08:00  INFO 7 --- [run.halo.app.core.extension.reconciler.MenuItemReconciler-t-1] r.h.a.e.controller.DefaultController     : Controller worker run.halo.app.core.extension.reconciler.MenuItemReconciler-worker-1 started
2026-07-23T18:11:44.864+08:00  INFO 7 --- [run.halo.app.core.extension.reconciler.MenuItemReconciler-t-1] r.h.a.e.controller.RequestSynchronizer   : Starting request(v1alpha1/MenuItem) synchronizer...
2026-07-23T18:11:44.871+08:00  INFO 7 --- [run.halo.app.core.extension.reconciler.SystemSettingReconciler-t-1] r.h.a.e.controller.DefaultController     : Controller worker run.halo.app.core.extension.reconciler.SystemSettingReconciler-worker-1 started
2026-07-23T18:11:44.872+08:00  INFO 7 --- [run.halo.app.core.extension.reconciler.SystemSettingReconciler-t-1] r.h.a.e.controller.RequestSynchronizer   : Starting request(v1alpha1/ConfigMap) synchronizer...
2026-07-23T18:11:44.876+08:00  INFO 7 --- [main] r.h.a.e.controller.DefaultController     : Starting controller run.halo.app.core.extension.reconciler.CommentReconciler
2026-07-23T18:11:44.879+08:00  INFO 7 --- [main] r.h.a.e.controller.DefaultController     : Starting controller run.halo.app.core.extension.reconciler.PluginReconciler
2026-07-23T18:11:44.881+08:00  INFO 7 --- [run.halo.app.core.extension.reconciler.PluginReconciler-t-1] r.h.a.e.controller.DefaultController     : Controller worker run.halo.app.core.extension.reconciler.PluginReconciler-worker-1 started
2026-07-23T18:11:44.883+08:00  INFO 7 --- [run.halo.app.core.extension.reconciler.MenuItemReconciler-t-1] r.h.a.e.controller.RequestSynchronizer   : Started request(v1alpha1/MenuItem) synchronizer.
2026-07-23T18:11:44.883+08:00  INFO 7 --- [main] r.h.a.e.controller.DefaultController     : Starting controller run.halo.app.migration.BackupReconciler
2026-07-23T18:11:44.882+08:00  INFO 7 --- [run.halo.app.core.extension.reconciler.PluginReconciler-t-1] r.h.a.e.controller.RequestSynchronizer   : Starting request(plugin.halo.run/v1alpha1/Plugin) synchronizer...
2026-07-23T18:11:44.887+08:00  INFO 7 --- [run.halo.app.core.extension.reconciler.PluginReconciler-t-1] r.h.a.e.controller.RequestSynchronizer   : Started request(plugin.halo.run/v1alpha1/Plugin) synchronizer.
2026-07-23T18:11:44.888+08:00  INFO 7 --- [run.halo.app.migration.BackupReconciler-t-1] r.h.a.e.controller.DefaultController     : Controller worker run.halo.app.migration.BackupReconciler-worker-1 started
2026-07-23T18:11:44.888+08:00  INFO 7 --- [run.halo.app.migration.BackupReconciler-t-1] r.h.a.e.controller.RequestSynchronizer   : Starting request(migration.halo.run/v1alpha1/Backup) synchronizer...
2026-07-23T18:11:44.891+08:00  INFO 7 --- [main] r.h.a.e.controller.DefaultController     : Starting controller run.halo.app.core.extension.reconciler.CategoryReconciler
2026-07-23T18:11:44.892+08:00  INFO 7 --- [run.halo.app.core.extension.reconciler.SystemSettingReconciler-t-1] r.h.a.e.controller.RequestSynchronizer   : Started request(v1alpha1/ConfigMap) synchronizer.
2026-07-23T18:11:44.890+08:00  INFO 7 --- [run.halo.app.migration.BackupReconciler-t-1] r.h.a.e.controller.RequestSynchronizer   : Started request(migration.halo.run/v1alpha1/Backup) synchronizer.
2026-07-23T18:11:44.895+08:00  INFO 7 --- [run.halo.app.core.extension.reconciler.CommentReconciler-t-1] r.h.a.e.controller.DefaultController     : Controller worker run.halo.app.core.extension.reconciler.CommentReconciler-worker-1 started
2026-07-23T18:11:44.893+08:00  INFO 7 --- [main] r.h.a.e.controller.DefaultController     : Starting controller run.halo.app.core.extension.reconciler.PostReconciler
2026-07-23T18:11:44.896+08:00  INFO 7 --- [run.halo.app.core.extension.reconciler.CommentReconciler-t-1] r.h.a.e.controller.RequestSynchronizer   : Starting request(content.halo.run/v1alpha1/Comment) synchronizer...
2026-07-23T18:11:44.897+08:00  INFO 7 --- [run.halo.app.core.extension.reconciler.CategoryReconciler-t-1] r.h.a.e.controller.DefaultController     : Controller worker run.halo.app.core.extension.reconciler.CategoryReconciler-worker-1 started
2026-07-23T18:11:44.899+08:00  INFO 7 --- [main] r.h.a.e.controller.DefaultController     : Starting controller run.halo.app.core.attachment.reconciler.LocalThumbnailsReconciler
2026-07-23T18:11:44.904+08:00  INFO 7 --- [run.halo.app.core.attachment.reconciler.LocalThumbnailsReconciler-t-1] r.h.a.e.controller.DefaultController     : Controller worker run.halo.app.core.attachment.reconciler.LocalThumbnailsReconciler-worker-1 started
2026-07-23T18:11:44.902+08:00  INFO 7 --- [main] r.h.a.e.controller.DefaultController     : Starting controller run.halo.app.core.extension.reconciler.AnnotationSettingReconciler
2026-07-23T18:11:44.906+08:00  INFO 7 --- [run.halo.app.core.attachment.reconciler.LocalThumbnailsReconciler-t-1] r.h.a.e.controller.RequestSynchronizer   : Starting request(storage.halo.run/v1alpha1/LocalThumbnail) synchronizer...
2026-07-23T18:11:44.910+08:00  INFO 7 --- [run.halo.app.core.attachment.reconciler.LocalThumbnailsReconciler-t-1] r.h.a.e.controller.RequestSynchronizer   : Started request(storage.halo.run/v1alpha1/LocalThumbnail) synchronizer.
2026-07-23T18:11:44.911+08:00  INFO 7 --- [run.halo.app.core.extension.reconciler.CategoryReconciler-t-1] r.h.a.e.controller.RequestSynchronizer   : Starting request(content.halo.run/v1alpha1/Category) synchronizer...
2026-07-23T18:11:44.912+08:00  INFO 7 --- [run.halo.app.core.extension.reconciler.CategoryReconciler-t-1] r.h.a.e.controller.RequestSynchronizer   : Started request(content.halo.run/v1alpha1/Category) synchronizer.
2026-07-23T18:11:44.913+08:00  INFO 7 --- [run.halo.app.core.extension.reconciler.PostReconciler-t-1] r.h.a.e.controller.DefaultController     : Controller worker run.halo.app.core.extension.reconciler.PostReconciler-worker-1 started
2026-07-23T18:11:44.914+08:00  INFO 7 --- [run.halo.app.core.extension.reconciler.PostReconciler-t-1] r.h.a.e.controller.RequestSynchronizer   : Starting request(content.halo.run/v1alpha1/Post) synchronizer...
2026-07-23T18:11:44.915+08:00  INFO 7 --- [run.halo.app.core.extension.reconciler.CommentReconciler-t-1] r.h.a.e.controller.RequestSynchronizer   : Started request(content.halo.run/v1alpha1/Comment) synchronizer.
2026-07-23T18:11:44.910+08:00  INFO 7 --- [run.halo.app.core.extension.reconciler.AnnotationSettingReconciler-t-1] r.h.a.e.controller.DefaultController     : Controller worker run.halo.app.core.extension.reconciler.AnnotationSettingReconciler-worker-1 started
2026-07-23T18:11:44.921+08:00  INFO 7 --- [run.halo.app.core.extension.reconciler.PostReconciler-t-1] r.h.a.e.controller.RequestSynchronizer   : Started request(content.halo.run/v1alpha1/Post) synchronizer.
2026-07-23T18:11:44.921+08:00  INFO 7 --- [run.halo.app.core.extension.reconciler.AnnotationSettingReconciler-t-1] r.h.a.e.controller.RequestSynchronizer   : Starting request(v1alpha1/AnnotationSetting) synchronizer...
2026-07-23T18:11:44.911+08:00  INFO 7 --- [main] r.h.a.e.controller.DefaultController     : Starting controller run.halo.app.security.device.DeviceReconciler
2026-07-23T18:11:44.927+08:00  INFO 7 --- [main] r.h.a.e.controller.DefaultController     : Starting controller run.halo.app.core.extension.reconciler.UserReconciler
2026-07-23T18:11:44.929+08:00  INFO 7 --- [main] r.h.a.e.controller.DefaultController     : Starting controller run.halo.app.core.extension.reconciler.ReverseProxyReconciler
2026-07-23T18:11:44.923+08:00  INFO 7 --- [run.halo.app.core.extension.reconciler.AnnotationSettingReconciler-t-1] r.h.a.e.controller.RequestSynchronizer   : Started request(v1alpha1/AnnotationSetting) synchronizer.
2026-07-23T18:11:44.936+08:00  INFO 7 --- [run.halo.app.core.extension.reconciler.ReverseProxyReconciler-t-1] r.h.a.e.controller.DefaultController     : Controller worker run.halo.app.core.extension.reconciler.ReverseProxyReconciler-worker-1 started
2026-07-23T18:11:44.937+08:00  INFO 7 --- [run.halo.app.core.extension.reconciler.ReverseProxyReconciler-t-1] r.h.a.e.controller.RequestSynchronizer   : Starting request(plugin.halo.run/v1alpha1/ReverseProxy) synchronizer...
2026-07-23T18:11:44.939+08:00  INFO 7 --- [run.halo.app.core.extension.reconciler.ReverseProxyReconciler-t-1] r.h.a.e.controller.RequestSynchronizer   : Started request(plugin.halo.run/v1alpha1/ReverseProxy) synchronizer.
2026-07-23T18:11:44.940+08:00  INFO 7 --- [run.halo.app.core.extension.reconciler.UserReconciler-t-1] r.h.a.e.controller.DefaultController     : Controller worker run.halo.app.core.extension.reconciler.UserReconciler-worker-1 started
2026-07-23T18:11:44.941+08:00  INFO 7 --- [run.halo.app.core.extension.reconciler.UserReconciler-t-1] r.h.a.e.controller.RequestSynchronizer   : Starting request(v1alpha1/User) synchronizer...
2026-07-23T18:11:44.943+08:00  INFO 7 --- [run.halo.app.core.extension.reconciler.UserReconciler-t-1] r.h.a.e.controller.RequestSynchronizer   : Started request(v1alpha1/User) synchronizer.
2026-07-23T18:11:44.926+08:00  INFO 7 --- [run.halo.app.security.device.DeviceReconciler-t-1] r.h.a.e.controller.DefaultController     : Controller worker run.halo.app.security.device.DeviceReconciler-worker-1 started
2026-07-23T18:11:44.944+08:00  INFO 7 --- [run.halo.app.security.device.DeviceReconciler-t-1] r.h.a.e.controller.RequestSynchronizer   : Starting request(security.halo.run/v1alpha1/Device) synchronizer...
2026-07-23T18:11:44.944+08:00  INFO 7 --- [run.halo.app.security.device.DeviceReconciler-t-1] r.h.a.e.controller.RequestSynchronizer   : Started request(security.halo.run/v1alpha1/Device) synchronizer.
2026-07-23T18:11:44.946+08:00  INFO 7 --- [main] r.h.a.e.controller.DefaultController     : Starting controller run.halo.app.core.extension.reconciler.PostCounterReconciler
2026-07-23T18:11:44.948+08:00  INFO 7 --- [main] r.h.a.e.controller.DefaultController     : Starting controller run.halo.app.core.extension.reconciler.TagReconciler
2026-07-23T18:11:44.951+08:00  INFO 7 --- [main] r.h.a.e.controller.DefaultController     : Starting controller run.halo.app.core.extension.reconciler.ReplyReconciler
2026-07-23T18:11:44.951+08:00  INFO 7 --- [run.halo.app.core.extension.reconciler.TagReconciler-t-1] r.h.a.e.controller.DefaultController     : Controller worker run.halo.app.core.extension.reconciler.TagReconciler-worker-1 started
2026-07-23T18:11:44.952+08:00  INFO 7 --- [run.halo.app.core.extension.reconciler.TagReconciler-t-1] r.h.a.e.controller.RequestSynchronizer   : Starting request(content.halo.run/v1alpha1/Tag) synchronizer...
2026-07-23T18:11:44.953+08:00  INFO 7 --- [run.halo.app.core.extension.reconciler.TagReconciler-t-1] r.h.a.e.controller.RequestSynchronizer   : Started request(content.halo.run/v1alpha1/Tag) synchronizer.
2026-07-23T18:11:44.951+08:00  INFO 7 --- [run.halo.app.core.extension.reconciler.PostCounterReconciler-t-1] r.h.a.e.controller.DefaultController     : Controller worker run.halo.app.core.extension.reconciler.PostCounterReconciler-worker-1 started
2026-07-23T18:11:44.953+08:00  INFO 7 --- [main] r.h.a.e.controller.DefaultController     : Starting controller run.halo.app.notification.NotificationTrigger
2026-07-23T18:11:44.954+08:00  INFO 7 --- [run.halo.app.core.extension.reconciler.PostCounterReconciler-t-1] r.h.a.e.controller.RequestSynchronizer   : Starting request(metrics.halo.run/v1alpha1/Counter) synchronizer...
2026-07-23T18:11:44.956+08:00  INFO 7 --- [main] r.h.a.e.controller.DefaultController     : Starting controller run.halo.app.theme.router.SinglePageRoute
2026-07-23T18:11:44.960+08:00  INFO 7 --- [main] r.h.a.e.controller.DefaultController     : Starting controller run.halo.app.core.extension.reconciler.SinglePageReconciler
2026-07-23T18:11:44.961+08:00  INFO 7 --- [run.halo.app.core.extension.reconciler.ReplyReconciler-t-1] r.h.a.e.controller.DefaultController     : Controller worker run.halo.app.core.extension.reconciler.ReplyReconciler-worker-1 started
2026-07-23T18:11:44.961+08:00  INFO 7 --- [run.halo.app.core.extension.reconciler.ReplyReconciler-t-1] r.h.a.e.controller.RequestSynchronizer   : Starting request(content.halo.run/v1alpha1/Reply) synchronizer...
2026-07-23T18:11:44.962+08:00  INFO 7 --- [run.halo.app.core.extension.reconciler.ReplyReconciler-t-1] r.h.a.e.controller.RequestSynchronizer   : Started request(content.halo.run/v1alpha1/Reply) synchronizer.
2026-07-23T18:11:44.960+08:00  INFO 7 --- [run.halo.app.notification.NotificationTrigger-t-1] r.h.a.e.controller.DefaultController     : Controller worker run.halo.app.notification.NotificationTrigger-worker-1 started
2026-07-23T18:11:44.963+08:00  INFO 7 --- [run.halo.app.notification.NotificationTrigger-t-1] r.h.a.e.controller.RequestSynchronizer   : Starting request(notification.halo.run/v1alpha1/Reason) synchronizer...
2026-07-23T18:11:44.965+08:00  INFO 7 --- [run.halo.app.notification.NotificationTrigger-t-1] r.h.a.e.controller.RequestSynchronizer   : Started request(notification.halo.run/v1alpha1/Reason) synchronizer.
2026-07-23T18:11:44.965+08:00  INFO 7 --- [run.halo.app.theme.router.SinglePageRoute-t-1] r.h.a.e.controller.DefaultController     : Controller worker run.halo.app.theme.router.SinglePageRoute-worker-1 started
2026-07-23T18:11:44.965+08:00  INFO 7 --- [run.halo.app.theme.router.SinglePageRoute-t-1] r.h.a.e.controller.RequestSynchronizer   : Starting request(content.halo.run/v1alpha1/SinglePage) synchronizer...
2026-07-23T18:11:44.965+08:00  INFO 7 --- [run.halo.app.core.extension.reconciler.SinglePageReconciler-t-1] r.h.a.e.controller.DefaultController     : Controller worker run.halo.app.core.extension.reconciler.SinglePageReconciler-worker-1 started
2026-07-23T18:11:44.966+08:00  INFO 7 --- [run.halo.app.core.extension.reconciler.SinglePageReconciler-t-1] r.h.a.e.controller.RequestSynchronizer   : Starting request(content.halo.run/v1alpha1/SinglePage) synchronizer...
2026-07-23T18:11:44.966+08:00  INFO 7 --- [run.halo.app.theme.router.SinglePageRoute-t-1] r.h.a.e.controller.RequestSynchronizer   : Started request(content.halo.run/v1alpha1/SinglePage) synchronizer.
2026-07-23T18:11:44.967+08:00  INFO 7 --- [run.halo.app.core.extension.reconciler.SinglePageReconciler-t-1] r.h.a.e.controller.RequestSynchronizer   : Started request(content.halo.run/v1alpha1/SinglePage) synchronizer.
2026-07-23T18:11:44.968+08:00  INFO 7 --- [main] r.h.a.e.controller.DefaultController     : Starting controller run.halo.app.core.attachment.reconciler.AttachmentReconciler
2026-07-23T18:11:44.971+08:00  INFO 7 --- [main] r.h.a.e.controller.DefaultController     : Starting controller run.halo.app.core.extension.reconciler.ThemeReconciler
2026-07-23T18:11:44.973+08:00  INFO 7 --- [run.halo.app.core.attachment.reconciler.AttachmentReconciler-t-1] r.h.a.e.controller.DefaultController     : Controller worker run.halo.app.core.attachment.reconciler.AttachmentReconciler-worker-1 started
2026-07-23T18:11:44.973+08:00  INFO 7 --- [run.halo.app.core.attachment.reconciler.AttachmentReconciler-t-1] r.h.a.e.controller.RequestSynchronizer   : Starting request(storage.halo.run/v1alpha1/Attachment) synchronizer...
2026-07-23T18:11:44.975+08:00  INFO 7 --- [run.halo.app.core.attachment.reconciler.AttachmentReconciler-t-1] r.h.a.e.controller.RequestSynchronizer   : Started request(storage.halo.run/v1alpha1/Attachment) synchronizer.
2026-07-23T18:11:44.976+08:00  INFO 7 --- [main] r.h.a.e.controller.DefaultController     : Starting controller run.halo.app.core.extension.reconciler.RoleReconciler
2026-07-23T18:11:44.980+08:00  INFO 7 --- [main] r.h.a.e.controller.DefaultController     : Starting controller run.halo.app.core.extension.reconciler.AuthProviderReconciler
2026-07-23T18:11:44.980+08:00  INFO 7 --- [run.halo.app.core.extension.reconciler.ThemeReconciler-t-1] r.h.a.e.controller.DefaultController     : Controller worker run.halo.app.core.extension.reconciler.ThemeReconciler-worker-1 started
2026-07-23T18:11:44.981+08:00  INFO 7 --- [run.halo.app.core.extension.reconciler.ThemeReconciler-t-1] r.h.a.e.controller.RequestSynchronizer   : Starting request(theme.halo.run/v1alpha1/Theme) synchronizer...
2026-07-23T18:11:44.982+08:00  INFO 7 --- [run.halo.app.core.extension.reconciler.ThemeReconciler-t-1] r.h.a.e.controller.RequestSynchronizer   : Started request(theme.halo.run/v1alpha1/Theme) synchronizer.
2026-07-23T18:11:44.983+08:00  INFO 7 --- [run.halo.app.core.extension.reconciler.AuthProviderReconciler-t-1] r.h.a.e.controller.DefaultController     : Controller worker run.halo.app.core.extension.reconciler.AuthProviderReconciler-worker-1 started
2026-07-23T18:11:44.983+08:00  INFO 7 --- [run.halo.app.core.extension.reconciler.AuthProviderReconciler-t-1] r.h.a.e.controller.RequestSynchronizer   : Starting request(auth.halo.run/v1alpha1/AuthProvider) synchronizer...
2026-07-23T18:11:44.985+08:00  INFO 7 --- [run.halo.app.core.extension.reconciler.AuthProviderReconciler-t-1] r.h.a.e.controller.RequestSynchronizer   : Started request(auth.halo.run/v1alpha1/AuthProvider) synchronizer.
2026-07-23T18:11:44.988+08:00  INFO 7 --- [run.halo.app.core.extension.reconciler.RoleReconciler-t-1] r.h.a.e.controller.DefaultController     : Controller worker run.halo.app.core.extension.reconciler.RoleReconciler-worker-1 started
2026-07-23T18:11:44.989+08:00  INFO 7 --- [run.halo.app.core.extension.reconciler.RoleReconciler-t-1] r.h.a.e.controller.RequestSynchronizer   : Starting request(v1alpha1/Role) synchronizer...
2026-07-23T18:11:44.999+08:00  INFO 7 --- [main] r.h.app.infra.DefaultThemeInitializer    : Initializing default theme from classpath:themes/theme-earth.zip
2026-07-23T18:11:45.001+08:00  INFO 7 --- [run.halo.app.core.extension.reconciler.RoleReconciler-t-1] r.h.a.e.controller.RequestSynchronizer   : Started request(v1alpha1/Role) synchronizer.
2026-07-23T18:11:45.022+08:00  INFO 7 --- [run.halo.app.core.extension.reconciler.PostCounterReconciler-t-1] r.h.a.e.controller.RequestSynchronizer   : Started request(metrics.halo.run/v1alpha1/Counter) synchronizer.
2026-07-23T18:11:45.446+08:00  WARN 7 --- [run.halo.app.core.extension.reconciler.SystemSettingReconciler-t-1] io.r2dbc.h2.H2Connection                 : Option{name='readOnly', sensitive=false} + isn't supported in H2 at the transaction level. You must set it on conenction URL. See http://www.h2database.com/html/features.html#read_only
2026-07-23T18:11:45.549+08:00  WARN 7 --- [run.halo.app.core.extension.reconciler.SystemSettingReconciler-t-1] io.r2dbc.h2.H2Connection                 : Option{name='readOnly', sensitive=false} + isn't supported in H2 at the transaction level. You must set it on conenction URL. See http://www.h2database.com/html/features.html#read_only
2026-07-23T18:11:45.626+08:00  INFO 7 --- [run.halo.app.core.extension.reconciler.SystemSettingReconciler-t-1] r.h.a.n.SubscriptionMigration            : Cleanup user subscription completed
2026-07-23T18:11:45.629+08:00  WARN 7 --- [run.halo.app.core.extension.reconciler.SystemSettingReconciler-t-1] io.r2dbc.h2.H2Connection                 : Option{name='readOnly', sensitive=false} + isn't supported in H2 at the transaction level. You must set it on conenction URL. See http://www.h2database.com/html/features.html#read_only
2026-07-23T18:11:45.795+08:00  WARN 7 --- [run.halo.app.core.extension.reconciler.SystemSettingReconciler-t-1] io.r2dbc.h2.H2Connection                 : Option{name='readOnly', sensitive=false} + isn't supported in H2 at the transaction level. You must set it on conenction URL. See http://www.h2database.com/html/features.html#read_only
2026-07-23T18:11:45.835+08:00  WARN 7 --- [run.halo.app.core.extension.reconciler.SystemSettingReconciler-t-1] io.r2dbc.h2.H2Connection                 : Option{name='readOnly', sensitive=false} + isn't supported in H2 at the transaction level. You must set it on conenction URL. See http://www.h2database.com/html/features.html#read_only
2026-07-23T18:11:45.861+08:00  WARN 7 --- [run.halo.app.core.extension.reconciler.SystemSettingReconciler-t-1] io.r2dbc.h2.H2Connection                 : Option{name='readOnly', sensitive=false} + isn't supported in H2 at the transaction level. You must set it on conenction URL. See http://www.h2database.com/html/features.html#read_only
2026-07-23T18:11:45.863+08:00  INFO 7 --- [main] r.h.app.infra.DefaultThemeInitializer    : Initialized default theme: Theme(super=AbstractExtension(apiVersion=theme.halo.run/v1alpha1, kind=Theme, metadata=Metadata(name=theme-earth, generateName=null, labels=null, annotations={store.halo.run/app-id=app-KgWqR}, version=0, creationTimestamp=2026-07-23T10:11:45.302617441Z, deletionTimestamp=null, finalizers=null)), spec=Theme.ThemeSpec(displayName=Earth, author=Theme.Author(name=Halo, website=https://www.halo.run), description=Default theme for Halo 2.0, logo=https://www.halo.run/logo, website=null, homepage=https://www.halo.run/store/apps/app-KgWqR, repo=https://github.com/halo-dev/theme-earth, issues=https://github.com/halo-dev/theme-earth/issues, version=1.9.0, require=null, requires=>=2.8.0, settingName=theme-earth-setting, configMapName=theme-earth-configMap, license=[License(name=GPL-3.0, url=https://github.com/halo-dev/theme-earth/blob/main/LICENSE)], customTemplates=null), status=null)
2026-07-23T18:11:46.033+08:00  WARN 7 --- [run.halo.app.core.extension.reconciler.SystemSettingReconciler-t-1] io.r2dbc.h2.H2Connection                 : Option{name='readOnly', sensitive=false} + isn't supported in H2 at the transaction level. You must set it on conenction URL. See http://www.h2database.com/html/features.html#read_only
2026-07-23T18:11:46.215+08:00  WARN 7 --- [run.halo.app.core.extension.reconciler.SystemSettingReconciler-t-1] io.r2dbc.h2.H2Connection                 : Option{name='readOnly', sensitive=false} + isn't supported in H2 at the transaction level. You must set it on conenction URL. See http://www.h2database.com/html/features.html#read_only
2026-07-23T18:11:46.235+08:00  WARN 7 --- [run.halo.app.core.extension.reconciler.SystemSettingReconciler-t-1] io.r2dbc.h2.H2Connection                 : Option{name='readOnly', sensitive=false} + isn't supported in H2 at the transaction level. You must set it on conenction URL. See http://www.h2database.com/html/features.html#read_only
2026-07-23T18:11:46.350+08:00  WARN 7 --- [run.halo.app.core.extension.reconciler.SystemSettingReconciler-t-1] io.r2dbc.h2.H2Connection                 : Option{name='readOnly', sensitive=false} + isn't supported in H2 at the transaction level. You must set it on conenction URL. See http://www.h2database.com/html/features.html#read_only
2026-07-23T18:11:46.573+08:00  WARN 7 --- [run.halo.app.core.extension.reconciler.SystemSettingReconciler-t-1] io.r2dbc.h2.H2Connection                 : Option{name='readOnly', sensitive=false} + isn't supported in H2 at the transaction level. You must set it on conenction URL. See http://www.h2database.com/html/features.html#read_only
2026-07-23T18:11:46.613+08:00  WARN 7 --- [run.halo.app.core.extension.reconciler.SystemSettingReconciler-t-1] io.r2dbc.h2.H2Connection                 : Option{name='readOnly', sensitive=false} + isn't supported in H2 at the transaction level. You must set it on conenction URL. See http://www.h2database.com/html/features.html#read_only
2026-07-23T18:11:46.774+08:00  WARN 7 --- [run.halo.app.core.extension.reconciler.SystemSettingReconciler-t-1] io.r2dbc.h2.H2Connection                 : Option{name='readOnly', sensitive=false} + isn't supported in H2 at the transaction level. You must set it on conenction URL. See http://www.h2database.com/html/features.html#read_only
2026-07-23T18:11:46.977+08:00  WARN 7 --- [run.halo.app.core.extension.reconciler.SystemSettingReconciler-t-1] io.r2dbc.h2.H2Connection                 : Option{name='readOnly', sensitive=false} + isn't supported in H2 at the transaction level. You must set it on conenction URL. See http://www.h2database.com/html/features.html#read_only
2026-07-23T18:11:47.122+08:00  WARN 7 --- [run.halo.app.core.extension.reconciler.SystemSettingReconciler-t-1] io.r2dbc.h2.H2Connection                 : Option{name='readOnly', sensitive=false} + isn't supported in H2 at the transaction level. You must set it on conenction URL. See http://www.h2database.com/html/features.html#read_only
2026-07-23T18:11:47.234+08:00  WARN 7 --- [run.halo.app.core.extension.reconciler.SystemSettingReconciler-t-1] io.r2dbc.h2.H2Connection                 : Option{name='readOnly', sensitive=false} + isn't supported in H2 at the transaction level. You must set it on conenction URL. See http://www.h2database.com/html/features.html#read_only
2026-07-23T18:11:47.386+08:00  WARN 7 --- [run.halo.app.core.extension.reconciler.SystemSettingReconciler-t-1] io.r2dbc.h2.H2Connection                 : Option{name='readOnly', sensitive=false} + isn't supported in H2 at the transaction level. You must set it on conenction URL. See http://www.h2database.com/html/features.html#read_only
2026-07-23T18:11:47.480+08:00  WARN 7 --- [run.halo.app.core.extension.reconciler.SystemSettingReconciler-t-1] io.r2dbc.h2.H2Connection                 : Option{name='readOnly', sensitive=false} + isn't supported in H2 at the transaction level. You must set it on conenction URL. See http://www.h2database.com/html/features.html#read_only
2026-07-23T18:11:47.540+08:00  WARN 7 --- [run.halo.app.core.extension.reconciler.RoleReconciler-t-1] io.r2dbc.h2.H2Connection                 : Option{name='readOnly', sensitive=false} + isn't supported in H2 at the transaction level. You must set it on conenction URL. See http://www.h2database.com/html/features.html#read_only
2026-07-23T18:11:47.583+08:00  WARN 7 --- [run.halo.app.core.extension.reconciler.RoleReconciler-t-1] io.r2dbc.h2.H2Connection                 : Option{name='readOnly', sensitive=false} + isn't supported in H2 at the transaction level. You must set it on conenction URL. See http://www.h2database.com/html/features.html#read_only
2026-07-23T18:11:47.649+08:00  WARN 7 --- [run.halo.app.core.extension.reconciler.RoleReconciler-t-1] io.r2dbc.h2.H2Connection                 : Option{name='readOnly', sensitive=false} + isn't supported in H2 at the transaction level. You must set it on conenction URL. See http://www.h2database.com/html/features.html#read_only
2026-07-23T18:11:47.695+08:00  WARN 7 --- [run.halo.app.core.extension.reconciler.RoleReconciler-t-1] io.r2dbc.h2.H2Connection                 : Option{name='readOnly', sensitive=false} + isn't supported in H2 at the transaction level. You must set it on conenction URL. See http://www.h2database.com/html/features.html#read_only
2026-07-23T18:11:47.805+08:00  WARN 7 --- [run.halo.app.core.extension.reconciler.RoleReconciler-t-1] io.r2dbc.h2.H2Connection                 : Option{name='readOnly', sensitive=false} + isn't supported in H2 at the transaction level. You must set it on conenction URL. See http://www.h2database.com/html/features.html#read_only
2026-07-23T18:11:47.821+08:00  WARN 7 --- [run.halo.app.core.extension.reconciler.RoleReconciler-t-1] io.r2dbc.h2.H2Connection                 : Option{name='readOnly', sensitive=false} + isn't supported in H2 at the transaction level. You must set it on conenction URL. See http://www.h2database.com/html/features.html#read_only
2026-07-23T18:11:47.898+08:00  WARN 7 --- [run.halo.app.core.extension.reconciler.RoleReconciler-t-1] io.r2dbc.h2.H2Connection                 : Option{name='readOnly', sensitive=false} + isn't supported in H2 at the transaction level. You must set it on conenction URL. See http://www.h2database.com/html/features.html#read_only
2026-07-23T18:11:47.944+08:00  WARN 7 --- [run.halo.app.core.extension.reconciler.SystemSettingReconciler-t-1] io.r2dbc.h2.H2Connection                 : Option{name='readOnly', sensitive=false} + isn't supported in H2 at the transaction level. You must set it on conenction URL. See http://www.h2database.com/html/features.html#read_only
2026-07-23T18:11:47.994+08:00  WARN 7 --- [run.halo.app.core.extension.reconciler.RoleReconciler-t-1] io.r2dbc.h2.H2Connection                 : Option{name='readOnly', sensitive=false} + isn't supported in H2 at the transaction level. You must set it on conenction URL. See http://www.h2database.com/html/features.html#read_only
2026-07-23T18:11:48.088+08:00  WARN 7 --- [run.halo.app.core.extension.reconciler.RoleReconciler-t-1] io.r2dbc.h2.H2Connection                 : Option{name='readOnly', sensitive=false} + isn't supported in H2 at the transaction level. You must set it on conenction URL. See http://www.h2database.com/html/features.html#read_only
2026-07-23T18:11:48.190+08:00  WARN 7 --- [run.halo.app.core.extension.reconciler.SystemSettingReconciler-t-1] io.r2dbc.h2.H2Connection                 : Option{name='readOnly', sensitive=false} + isn't supported in H2 at the transaction level. You must set it on conenction URL. See http://www.h2database.com/html/features.html#read_only
2026-07-23T18:11:48.285+08:00  WARN 7 --- [run.halo.app.core.extension.reconciler.RoleReconciler-t-1] io.r2dbc.h2.H2Connection                 : Option{name='readOnly', sensitive=false} + isn't supported in H2 at the transaction level. You must set it on conenction URL. See http://www.h2database.com/html/features.html#read_only
2026-07-23T18:11:48.372+08:00  WARN 7 --- [run.halo.app.core.extension.reconciler.SystemSettingReconciler-t-1] io.r2dbc.h2.H2Connection                 : Option{name='readOnly', sensitive=false} + isn't supported in H2 at the transaction level. You must set it on conenction URL. See http://www.h2database.com/html/features.html#read_only
2026-07-23T18:11:48.510+08:00  WARN 7 --- [run.halo.app.core.extension.reconciler.RoleReconciler-t-1] io.r2dbc.h2.H2Connection                 : Option{name='readOnly', sensitive=false} + isn't supported in H2 at the transaction level. You must set it on conenction URL. See http://www.h2database.com/html/features.html#read_only
2026-07-23T18:11:48.574+08:00  WARN 7 --- [run.halo.app.core.extension.reconciler.RoleReconciler-t-1] io.r2dbc.h2.H2Connection                 : Option{name='readOnly', sensitive=false} + isn't supported in H2 at the transaction level. You must set it on conenction URL. See http://www.h2database.com/html/features.html#read_only
2026-07-23T18:11:48.638+08:00  WARN 7 --- [run.halo.app.core.extension.reconciler.RoleReconciler-t-1] io.r2dbc.h2.H2Connection                 : Option{name='readOnly', sensitive=false} + isn't supported in H2 at the transaction level. You must set it on conenction URL. See http://www.h2database.com/html/features.html#read_only
2026-07-23T18:11:48.706+08:00  WARN 7 --- [run.halo.app.core.extension.reconciler.RoleReconciler-t-1] io.r2dbc.h2.H2Connection                 : Option{name='readOnly', sensitive=false} + isn't supported in H2 at the transaction level. You must set it on conenction URL. See http://www.h2database.com/html/features.html#read_only
2026-07-23T18:11:48.754+08:00  WARN 7 --- [run.halo.app.core.extension.reconciler.RoleReconciler-t-1] io.r2dbc.h2.H2Connection                 : Option{name='readOnly', sensitive=false} + isn't supported in H2 at the transaction level. You must set it on conenction URL. See http://www.h2database.com/html/features.html#read_only
2026-07-23T18:11:48.791+08:00  WARN 7 --- [run.halo.app.core.extension.reconciler.RoleReconciler-t-1] io.r2dbc.h2.H2Connection                 : Option{name='readOnly', sensitive=false} + isn't supported in H2 at the transaction level. You must set it on conenction URL. See http://www.h2database.com/html/features.html#read_only
2026-07-23T18:11:48.831+08:00  WARN 7 --- [run.halo.app.core.extension.reconciler.RoleReconciler-t-1] io.r2dbc.h2.H2Connection                 : Option{name='readOnly', sensitive=false} + isn't supported in H2 at the transaction level. You must set it on conenction URL. See http://www.h2database.com/html/features.html#read_only
2026-07-23T18:11:48.871+08:00  WARN 7 --- [run.halo.app.core.extension.reconciler.RoleReconciler-t-1] io.r2dbc.h2.H2Connection                 : Option{name='readOnly', sensitive=false} + isn't supported in H2 at the transaction level. You must set it on conenction URL. See http://www.h2database.com/html/features.html#read_only
2026-07-23T18:11:48.910+08:00  WARN 7 --- [run.halo.app.core.extension.reconciler.RoleReconciler-t-1] io.r2dbc.h2.H2Connection                 : Option{name='readOnly', sensitive=false} + isn't supported in H2 at the transaction level. You must set it on conenction URL. See http://www.h2database.com/html/features.html#read_only
2026-07-23T18:11:48.956+08:00  WARN 7 --- [run.halo.app.core.extension.reconciler.RoleReconciler-t-1] io.r2dbc.h2.H2Connection                 : Option{name='readOnly', sensitive=false} + isn't supported in H2 at the transaction level. You must set it on conenction URL. See http://www.h2database.com/html/features.html#read_only
2026-07-23T18:11:49.003+08:00  WARN 7 --- [run.halo.app.core.extension.reconciler.RoleReconciler-t-1] io.r2dbc.h2.H2Connection                 : Option{name='readOnly', sensitive=false} + isn't supported in H2 at the transaction level. You must set it on conenction URL. See http://www.h2database.com/html/features.html#read_only
2026-07-23T18:11:49.050+08:00  WARN 7 --- [run.halo.app.core.extension.reconciler.RoleReconciler-t-1] io.r2dbc.h2.H2Connection                 : Option{name='readOnly', sensitive=false} + isn't supported in H2 at the transaction level. You must set it on conenction URL. See http://www.h2database.com/html/features.html#read_only
2026-07-23T18:11:49.101+08:00  WARN 7 --- [run.halo.app.core.extension.reconciler.RoleReconciler-t-1] io.r2dbc.h2.H2Connection                 : Option{name='readOnly', sensitive=false} + isn't supported in H2 at the transaction level. You must set it on conenction URL. See http://www.h2database.com/html/features.html#read_only
2026-07-23T18:11:49.154+08:00  WARN 7 --- [run.halo.app.core.extension.reconciler.RoleReconciler-t-1] io.r2dbc.h2.H2Connection                 : Option{name='readOnly', sensitive=false} + isn't supported in H2 at the transaction level. You must set it on conenction URL. See http://www.h2database.com/html/features.html#read_only
2026-07-23T18:11:49.198+08:00  WARN 7 --- [run.halo.app.core.extension.reconciler.RoleReconciler-t-1] io.r2dbc.h2.H2Connection                 : Option{name='readOnly', sensitive=false} + isn't supported in H2 at the transaction level. You must set it on conenction URL. See http://www.h2database.com/html/features.html#read_only
2026-07-23T18:11:49.245+08:00  WARN 7 --- [run.halo.app.core.extension.reconciler.RoleReconciler-t-1] io.r2dbc.h2.H2Connection                 : Option{name='readOnly', sensitive=false} + isn't supported in H2 at the transaction level. You must set it on conenction URL. See http://www.h2database.com/html/features.html#read_only
2026-07-23T18:11:49.280+08:00  WARN 7 --- [run.halo.app.core.extension.reconciler.RoleReconciler-t-1] io.r2dbc.h2.H2Connection                 : Option{name='readOnly', sensitive=false} + isn't supported in H2 at the transaction level. You must set it on conenction URL. See http://www.h2database.com/html/features.html#read_only
2026-07-23T18:11:49.312+08:00  WARN 7 --- [run.halo.app.core.extension.reconciler.RoleReconciler-t-1] io.r2dbc.h2.H2Connection                 : Option{name='readOnly', sensitive=false} + isn't supported in H2 at the transaction level. You must set it on conenction URL. See http://www.h2database.com/html/features.html#read_only
2026-07-23T18:11:49.345+08:00  WARN 7 --- [run.halo.app.core.extension.reconciler.RoleReconciler-t-1] io.r2dbc.h2.H2Connection                 : Option{name='readOnly', sensitive=false} + isn't supported in H2 at the transaction level. You must set it on conenction URL. See http://www.h2database.com/html/features.html#read_only
2026-07-23T18:11:49.381+08:00  WARN 7 --- [run.halo.app.core.extension.reconciler.RoleReconciler-t-1] io.r2dbc.h2.H2Connection                 : Option{name='readOnly', sensitive=false} + isn't supported in H2 at the transaction level. You must set it on conenction URL. See http://www.h2database.com/html/features.html#read_only
2026-07-23T18:11:49.422+08:00  WARN 7 --- [run.halo.app.core.extension.reconciler.RoleReconciler-t-1] io.r2dbc.h2.H2Connection                 : Option{name='readOnly', sensitive=false} + isn't supported in H2 at the transaction level. You must set it on conenction URL. See http://www.h2database.com/html/features.html#read_only
2026-07-23T18:11:49.459+08:00  WARN 7 --- [run.halo.app.core.extension.reconciler.RoleReconciler-t-1] io.r2dbc.h2.H2Connection                 : Option{name='readOnly', sensitive=false} + isn't supported in H2 at the transaction level. You must set it on conenction URL. See http://www.h2database.com/html/features.html#read_only
2026-07-23T18:11:49.498+08:00  WARN 7 --- [run.halo.app.core.extension.reconciler.RoleReconciler-t-1] io.r2dbc.h2.H2Connection                 : Option{name='readOnly', sensitive=false} + isn't supported in H2 at the transaction level. You must set it on conenction URL. See http://www.h2database.com/html/features.html#read_only
2026-07-23T18:11:49.540+08:00  WARN 7 --- [run.halo.app.core.extension.reconciler.RoleReconciler-t-1] io.r2dbc.h2.H2Connection                 : Option{name='readOnly', sensitive=false} + isn't supported in H2 at the transaction level. You must set it on conenction URL. See http://www.h2database.com/html/features.html#read_only
2026-07-23T18:11:49.583+08:00  WARN 7 --- [run.halo.app.core.extension.reconciler.RoleReconciler-t-1] io.r2dbc.h2.H2Connection                 : Option{name='readOnly', sensitive=false} + isn't supported in H2 at the transaction level. You must set it on conenction URL. See http://www.h2database.com/html/features.html#read_only
2026-07-23T18:11:49.620+08:00  WARN 7 --- [run.halo.app.core.extension.reconciler.RoleReconciler-t-1] io.r2dbc.h2.H2Connection                 : Option{name='readOnly', sensitive=false} + isn't supported in H2 at the transaction level. You must set it on conenction URL. See http://www.h2database.com/html/features.html#read_only
2026-07-23T18:11:49.651+08:00  WARN 7 --- [run.halo.app.core.extension.reconciler.RoleReconciler-t-1] io.r2dbc.h2.H2Connection                 : Option{name='readOnly', sensitive=false} + isn't supported in H2 at the transaction level. You must set it on conenction URL. See http://www.h2database.com/html/features.html#read_only
2026-07-23T18:11:49.682+08:00  WARN 7 --- [run.halo.app.core.extension.reconciler.RoleReconciler-t-1] io.r2dbc.h2.H2Connection                 : Option{name='readOnly', sensitive=false} + isn't supported in H2 at the transaction level. You must set it on conenction URL. See http://www.h2database.com/html/features.html#read_only
2026-07-23T18:11:49.717+08:00  WARN 7 --- [run.halo.app.core.extension.reconciler.RoleReconciler-t-1] io.r2dbc.h2.H2Connection                 : Option{name='readOnly', sensitive=false} + isn't supported in H2 at the transaction level. You must set it on conenction URL. See http://www.h2database.com/html/features.html#read_only
2026-07-23T18:11:49.771+08:00  WARN 7 --- [run.halo.app.core.extension.reconciler.RoleReconciler-t-1] io.r2dbc.h2.H2Connection                 : Option{name='readOnly', sensitive=false} + isn't supported in H2 at the transaction level. You must set it on conenction URL. See http://www.h2database.com/html/features.html#read_only
2026-07-23T18:11:49.827+08:00  WARN 7 --- [run.halo.app.core.extension.reconciler.RoleReconciler-t-1] io.r2dbc.h2.H2Connection                 : Option{name='readOnly', sensitive=false} + isn't supported in H2 at the transaction level. You must set it on conenction URL. See http://www.h2database.com/html/features.html#read_only
2026-07-23T18:11:49.888+08:00  WARN 7 --- [run.halo.app.core.extension.reconciler.RoleReconciler-t-1] io.r2dbc.h2.H2Connection                 : Option{name='readOnly', sensitive=false} + isn't supported in H2 at the transaction level. You must set it on conenction URL. See http://www.h2database.com/html/features.html#read_only
2026-07-23T18:11:49.934+08:00  WARN 7 --- [run.halo.app.core.extension.reconciler.RoleReconciler-t-1] io.r2dbc.h2.H2Connection                 : Option{name='readOnly', sensitive=false} + isn't supported in H2 at the transaction level. You must set it on conenction URL. See http://www.h2database.com/html/features.html#read_only
2026-07-23T18:11:49.981+08:00  WARN 7 --- [run.halo.app.core.extension.reconciler.RoleReconciler-t-1] io.r2dbc.h2.H2Connection                 : Option{name='readOnly', sensitive=false} + isn't supported in H2 at the transaction level. You must set it on conenction URL. See http://www.h2database.com/html/features.html#read_only
2026-07-23T18:11:50.021+08:00  WARN 7 --- [run.halo.app.core.extension.reconciler.RoleReconciler-t-1] io.r2dbc.h2.H2Connection                 : Option{name='readOnly', sensitive=false} + isn't supported in H2 at the transaction level. You must set it on conenction URL. See http://www.h2database.com/html/features.html#read_only
2026-07-23T18:11:50.064+08:00  WARN 7 --- [run.halo.app.core.extension.reconciler.RoleReconciler-t-1] io.r2dbc.h2.H2Connection                 : Option{name='readOnly', sensitive=false} + isn't supported in H2 at the transaction level. You must set it on conenction URL. See http://www.h2database.com/html/features.html#read_only
2026-07-23T18:27:04.467+08:00  INFO 7 --- [main] run.halo.app.Application                 : Starting Application v2.19.3 using Java 21.0.4 with PID 7 (/application/BOOT-INF/classes started by root in /application)
2026-07-23T18:27:04.477+08:00  INFO 7 --- [main] run.halo.app.Application                 : No active profile set, falling back to 1 default profile: "default"
2026-07-23T18:27:05.451+08:00  WARN 7 --- [main] o.s.c.a.AnnotationBeanNameGenerator      : Support for convention-based stereotype names is deprecated and will be removed in a future version of the framework. Please annotate the 'value' attribute in @run.halo.app.theme.finders.Finder with @AliasFor(annotation=Component.class) to declare an explicit alias for @Component's 'value' attribute.
2026-07-23T18:27:11.825+08:00  INFO 7 --- [main] .s.d.r.c.RepositoryConfigurationDelegate : Multiple Spring Data modules found, entering strict repository configuration mode
2026-07-23T18:27:11.834+08:00  INFO 7 --- [main] .s.d.r.c.RepositoryConfigurationDelegate : Bootstrapping Spring Data R2DBC repositories in DEFAULT mode.
2026-07-23T18:27:12.619+08:00  INFO 7 --- [main] .s.d.r.c.RepositoryConfigurationDelegate : Finished Spring Data repository scanning in 709 ms. Found 1 R2DBC repository interface.
2026-07-23T18:27:22.898+08:00  INFO 7 --- [main] org.pf4j.DefaultPluginStatusProvider     : Enabled plugins: []
2026-07-23T18:27:22.901+08:00  INFO 7 --- [main] org.pf4j.DefaultPluginStatusProvider     : Disabled plugins: []
2026-07-23T18:27:22.907+08:00  INFO 7 --- [main] org.pf4j.DefaultPluginManager            : PF4J version 3.12.0 in 'deployment' mode
2026-07-23T18:27:29.509+08:00  INFO 7 --- [main] o.a.l.s.MemorySegmentIndexInputProvider  : Using MemorySegmentIndexInput and native madvise support with Java 21 or later; to disable start with -Dorg.apache.lucene.store.MMapDirectory.enableMemorySegments=false
2026-07-23T18:27:29.510+08:00  INFO 7 --- [main] r.h.a.search.lucene.LuceneSearchEngine   : Initialized lucene search engine
2026-07-23T18:27:31.700+08:00  INFO 7 --- [main] o.s.b.a.e.web.EndpointLinksResolver      : Exposing 34 endpoints beneath base path '/actuator'
2026-07-23T18:27:35.104+08:00  INFO 7 --- [main] o.s.b.web.embedded.netty.NettyWebServer  : Netty started on port 8090 (http)
2026-07-23T18:27:35.108+08:00  INFO 7 --- [main] r.h.a.e.controller.DefaultController     : Starting controller run.halo.app.metrics.VisitedEventReconciler
2026-07-23T18:27:35.127+08:00  INFO 7 --- [main] r.h.a.e.controller.DefaultController     : Starting controller run.halo.app.content.TagPostCountUpdater
2026-07-23T18:27:35.128+08:00  INFO 7 --- [run.halo.app.metrics.VisitedEventReconciler-t-1] r.h.a.e.controller.DefaultController     : Controller worker run.halo.app.metrics.VisitedEventReconciler-worker-1 started
2026-07-23T18:27:35.130+08:00  INFO 7 --- [run.halo.app.content.TagPostCountUpdater-t-1] r.h.a.e.controller.DefaultController     : Controller worker run.halo.app.content.TagPostCountUpdater-worker-1 started
2026-07-23T18:27:35.130+08:00  INFO 7 --- [main] r.h.a.e.controller.DefaultController     : Starting controller run.halo.app.content.CategoryPostCountUpdater
2026-07-23T18:27:35.132+08:00  INFO 7 --- [run.halo.app.content.CategoryPostCountUpdater-t-1] r.h.a.e.controller.DefaultController     : Controller worker run.halo.app.content.CategoryPostCountUpdater-worker-1 started
2026-07-23T18:27:35.132+08:00  INFO 7 --- [main] r.h.a.e.controller.DefaultController     : Starting controller run.halo.app.metrics.VotedEventReconciler
2026-07-23T18:27:35.136+08:00  INFO 7 --- [main] r.h.a.e.controller.DefaultController     : Starting controller run.halo.app.content.PostHideFromListStateUpdater
2026-07-23T18:27:35.138+08:00  INFO 7 --- [main] r.h.a.e.controller.DefaultController     : Starting controller run.halo.app.metrics.ReplyEventReconciler
2026-07-23T18:27:35.142+08:00  INFO 7 --- [run.halo.app.content.PostHideFromListStateUpdater-t-1] r.h.a.e.controller.DefaultController     : Controller worker run.halo.app.content.PostHideFromListStateUpdater-worker-1 started
2026-07-23T18:27:35.140+08:00  INFO 7 --- [main] r.h.a.e.controller.DefaultController     : Starting controller run.halo.app.metrics.PostStatsUpdater
2026-07-23T18:27:35.145+08:00  INFO 7 --- [main] r.h.a.e.controller.DefaultController     : Starting controller run.halo.app.notification.DefaultNotificationSender
2026-07-23T18:27:35.145+08:00  INFO 7 --- [run.halo.app.metrics.ReplyEventReconciler-t-1] r.h.a.e.controller.DefaultController     : Controller worker run.halo.app.metrics.ReplyEventReconciler-worker-1 started
2026-07-23T18:27:35.147+08:00  INFO 7 --- [run.halo.app.metrics.PostStatsUpdater-t-1] r.h.a.e.controller.DefaultController     : Controller worker run.halo.app.metrics.PostStatsUpdater-worker-1 started
2026-07-23T18:27:35.144+08:00  INFO 7 --- [run.halo.app.metrics.VotedEventReconciler-t-1] r.h.a.e.controller.DefaultController     : Controller worker run.halo.app.metrics.VotedEventReconciler-worker-1 started
2026-07-23T18:27:35.151+08:00  INFO 7 --- [run.halo.app.notification.DefaultNotificationSender-t-3] r.h.a.e.controller.DefaultController     : Controller worker run.halo.app.notification.DefaultNotificationSender-worker-3 started
2026-07-23T18:27:35.152+08:00  INFO 7 --- [run.halo.app.notification.DefaultNotificationSender-t-2] r.h.a.e.controller.DefaultController     : Controller worker run.halo.app.notification.DefaultNotificationSender-worker-2 started
2026-07-23T18:27:35.155+08:00  INFO 7 --- [run.halo.app.notification.DefaultNotificationSender-t-4] r.h.a.e.controller.DefaultController     : Controller worker run.halo.app.notification.DefaultNotificationSender-worker-4 started
2026-07-23T18:27:35.153+08:00  INFO 7 --- [run.halo.app.notification.DefaultNotificationSender-t-1] r.h.a.e.controller.DefaultController     : Controller worker run.halo.app.notification.DefaultNotificationSender-worker-1 started
2026-07-23T18:27:35.168+08:00  INFO 7 --- [run.halo.app.notification.DefaultNotificationSender-t-5] r.h.a.e.controller.DefaultController     : Controller worker run.halo.app.notification.DefaultNotificationSender-worker-5 started
2026-07-23T18:27:35.224+08:00  INFO 7 --- [main] r.h.a.e.ReactiveExtensionClientImpl      : Start building index for all extensions, please wait...
2026-07-23T18:27:35.876+08:00  INFO 7 --- [main] r.h.a.e.index.IndexerFactoryImpl         : Start building index for type: /registry/roles, please wait...
2026-07-23T18:27:35.985+08:00  INFO 7 --- [main] r.h.a.e.index.IndexerFactoryImpl         : Index for type: /registry/roles built successfully, cost 109 ms
2026-07-23T18:27:36.057+08:00  INFO 7 --- [main] r.h.a.e.index.IndexerFactoryImpl         : Start building index for type: /registry/plugin.halo.run/plugins, please wait...
2026-07-23T18:27:36.059+08:00  INFO 7 --- [main] r.h.a.e.index.IndexerFactoryImpl         : Index for type: /registry/plugin.halo.run/plugins built successfully, cost 2 ms
2026-07-23T18:27:36.089+08:00  INFO 7 --- [main] r.h.a.e.index.IndexerFactoryImpl         : Start building index for type: /registry/plugin.halo.run/searchengines, please wait...
2026-07-23T18:27:36.091+08:00  INFO 7 --- [main] r.h.a.e.index.IndexerFactoryImpl         : Index for type: /registry/plugin.halo.run/searchengines built successfully, cost 2 ms
2026-07-23T18:27:36.152+08:00  INFO 7 --- [main] r.h.a.e.index.IndexerFactoryImpl         : Start building index for type: /registry/plugin.halo.run/extensionpointdefinitions, please wait...
2026-07-23T18:27:36.157+08:00  INFO 7 --- [main] r.h.a.e.index.IndexerFactoryImpl         : Index for type: /registry/plugin.halo.run/extensionpointdefinitions built successfully, cost 5 ms
2026-07-23T18:27:36.218+08:00  INFO 7 --- [main] r.h.a.e.index.IndexerFactoryImpl         : Start building index for type: /registry/plugin.halo.run/extensiondefinitions, please wait...
2026-07-23T18:27:36.220+08:00  INFO 7 --- [main] r.h.a.e.index.IndexerFactoryImpl         : Index for type: /registry/plugin.halo.run/extensiondefinitions built successfully, cost 2 ms
2026-07-23T18:27:36.271+08:00  INFO 7 --- [main] r.h.a.e.index.IndexerFactoryImpl         : Start building index for type: /registry/rolebindings, please wait...
2026-07-23T18:27:36.274+08:00  INFO 7 --- [main] r.h.a.e.index.IndexerFactoryImpl         : Index for type: /registry/rolebindings built successfully, cost 3 ms
2026-07-23T18:27:36.342+08:00  INFO 7 --- [main] r.h.a.e.index.IndexerFactoryImpl         : Start building index for type: /registry/users, please wait...
2026-07-23T18:27:36.356+08:00  INFO 7 --- [main] r.h.a.e.index.IndexerFactoryImpl         : Index for type: /registry/users built successfully, cost 15 ms
2026-07-23T18:27:36.394+08:00  INFO 7 --- [main] r.h.a.e.index.IndexerFactoryImpl         : Start building index for type: /registry/plugin.halo.run/reverseproxies, please wait...
2026-07-23T18:27:36.396+08:00  INFO 7 --- [main] r.h.a.e.index.IndexerFactoryImpl         : Index for type: /registry/plugin.halo.run/reverseproxies built successfully, cost 2 ms
2026-07-23T18:27:36.454+08:00  INFO 7 --- [main] r.h.a.e.index.IndexerFactoryImpl         : Start building index for type: /registry/settings, please wait...
2026-07-23T18:27:36.456+08:00  INFO 7 --- [main] r.h.a.e.index.IndexerFactoryImpl         : Index for type: /registry/settings built successfully, cost 2 ms
2026-07-23T18:27:36.493+08:00  INFO 7 --- [main] r.h.a.e.index.IndexerFactoryImpl         : Start building index for type: /registry/annotationsettings, please wait...
2026-07-23T18:27:36.494+08:00  INFO 7 --- [main] r.h.a.e.index.IndexerFactoryImpl         : Index for type: /registry/annotationsettings built successfully, cost 1 ms
2026-07-23T18:27:36.532+08:00  INFO 7 --- [main] r.h.a.e.index.IndexerFactoryImpl         : Start building index for type: /registry/configmaps, please wait...
2026-07-23T18:27:36.535+08:00  INFO 7 --- [main] r.h.a.e.index.IndexerFactoryImpl         : Index for type: /registry/configmaps built successfully, cost 3 ms
2026-07-23T18:27:36.566+08:00  INFO 7 --- [main] r.h.a.e.index.IndexerFactoryImpl         : Start building index for type: /registry/secrets, please wait...
2026-07-23T18:27:36.568+08:00  INFO 7 --- [main] r.h.a.e.index.IndexerFactoryImpl         : Index for type: /registry/secrets built successfully, cost 1 ms
2026-07-23T18:27:36.636+08:00  INFO 7 --- [main] r.h.a.e.index.IndexerFactoryImpl         : Start building index for type: /registry/theme.halo.run/themes, please wait...
2026-07-23T18:27:36.639+08:00  INFO 7 --- [main] r.h.a.e.index.IndexerFactoryImpl         : Index for type: /registry/theme.halo.run/themes built successfully, cost 2 ms
2026-07-23T18:27:36.682+08:00  INFO 7 --- [main] r.h.a.e.index.IndexerFactoryImpl         : Start building index for type: /registry/menus, please wait...
2026-07-23T18:27:36.684+08:00  INFO 7 --- [main] r.h.a.e.index.IndexerFactoryImpl         : Index for type: /registry/menus built successfully, cost 2 ms
2026-07-23T18:27:36.725+08:00  INFO 7 --- [main] r.h.a.e.index.IndexerFactoryImpl         : Start building index for type: /registry/menuitems, please wait...
2026-07-23T18:27:36.727+08:00  INFO 7 --- [main] r.h.a.e.index.IndexerFactoryImpl         : Index for type: /registry/menuitems built successfully, cost 1 ms
2026-07-23T18:27:36.768+08:00  INFO 7 --- [main] r.h.a.e.index.IndexerFactoryImpl         : Start building index for type: /registry/content.halo.run/posts, please wait...
2026-07-23T18:27:36.770+08:00  INFO 7 --- [main] r.h.a.e.index.IndexerFactoryImpl         : Index for type: /registry/content.halo.run/posts built successfully, cost 2 ms
2026-07-23T18:27:36.811+08:00  INFO 7 --- [main] r.h.a.e.index.IndexerFactoryImpl         : Start building index for type: /registry/content.halo.run/categories, please wait...
2026-07-23T18:27:36.813+08:00  INFO 7 --- [main] r.h.a.e.index.IndexerFactoryImpl         : Index for type: /registry/content.halo.run/categories built successfully, cost 2 ms
2026-07-23T18:27:36.854+08:00  INFO 7 --- [main] r.h.a.e.index.IndexerFactoryImpl         : Start building index for type: /registry/content.halo.run/tags, please wait...
2026-07-23T18:27:36.856+08:00  INFO 7 --- [main] r.h.a.e.index.IndexerFactoryImpl         : Index for type: /registry/content.halo.run/tags built successfully, cost 2 ms
2026-07-23T18:27:36.894+08:00  INFO 7 --- [main] r.h.a.e.index.IndexerFactoryImpl         : Start building index for type: /registry/content.halo.run/snapshots, please wait...
2026-07-23T18:27:36.895+08:00  INFO 7 --- [main] r.h.a.e.index.IndexerFactoryImpl         : Index for type: /registry/content.halo.run/snapshots built successfully, cost 1 ms
2026-07-23T18:27:36.935+08:00  INFO 7 --- [main] r.h.a.e.index.IndexerFactoryImpl         : Start building index for type: /registry/content.halo.run/comments, please wait...
2026-07-23T18:27:36.937+08:00  INFO 7 --- [main] r.h.a.e.index.IndexerFactoryImpl         : Index for type: /registry/content.halo.run/comments built successfully, cost 2 ms
2026-07-23T18:27:36.976+08:00  INFO 7 --- [main] r.h.a.e.index.IndexerFactoryImpl         : Start building index for type: /registry/content.halo.run/replies, please wait...
2026-07-23T18:27:36.977+08:00  INFO 7 --- [main] r.h.a.e.index.IndexerFactoryImpl         : Index for type: /registry/content.halo.run/replies built successfully, cost 1 ms
2026-07-23T18:27:37.017+08:00  INFO 7 --- [main] r.h.a.e.index.IndexerFactoryImpl         : Start building index for type: /registry/content.halo.run/singlepages, please wait...
2026-07-23T18:27:37.020+08:00  INFO 7 --- [main] r.h.a.e.index.IndexerFactoryImpl         : Index for type: /registry/content.halo.run/singlepages built successfully, cost 2 ms
2026-07-23T18:27:37.069+08:00  INFO 7 --- [main] r.h.a.e.index.IndexerFactoryImpl         : Start building index for type: /registry/storage.halo.run/groups, please wait...
2026-07-23T18:27:37.070+08:00  INFO 7 --- [main] r.h.a.e.index.IndexerFactoryImpl         : Index for type: /registry/storage.halo.run/groups built successfully, cost 1 ms
2026-07-23T18:27:37.101+08:00  INFO 7 --- [main] r.h.a.e.index.IndexerFactoryImpl         : Start building index for type: /registry/storage.halo.run/policies, please wait...
2026-07-23T18:27:37.104+08:00  INFO 7 --- [main] r.h.a.e.index.IndexerFactoryImpl         : Index for type: /registry/storage.halo.run/policies built successfully, cost 3 ms
2026-07-23T18:27:37.141+08:00  INFO 7 --- [main] r.h.a.e.index.IndexerFactoryImpl         : Start building index for type: /registry/storage.halo.run/attachments, please wait...
2026-07-23T18:27:37.143+08:00  INFO 7 --- [main] r.h.a.e.index.IndexerFactoryImpl         : Index for type: /registry/storage.halo.run/attachments built successfully, cost 2 ms
2026-07-23T18:27:37.186+08:00  INFO 7 --- [main] r.h.a.e.index.IndexerFactoryImpl         : Start building index for type: /registry/storage.halo.run/policytemplates, please wait...
2026-07-23T18:27:37.188+08:00  INFO 7 --- [main] r.h.a.e.index.IndexerFactoryImpl         : Index for type: /registry/storage.halo.run/policytemplates built successfully, cost 2 ms
2026-07-23T18:27:37.219+08:00  INFO 7 --- [main] r.h.a.e.index.IndexerFactoryImpl         : Start building index for type: /registry/storage.halo.run/thumbnails, please wait...
2026-07-23T18:27:37.221+08:00  INFO 7 --- [main] r.h.a.e.index.IndexerFactoryImpl         : Index for type: /registry/storage.halo.run/thumbnails built successfully, cost 1 ms
2026-07-23T18:27:37.250+08:00  INFO 7 --- [main] r.h.a.e.index.IndexerFactoryImpl         : Start building index for type: /registry/storage.halo.run/localthumbnails, please wait...
2026-07-23T18:27:37.251+08:00  INFO 7 --- [main] r.h.a.e.index.IndexerFactoryImpl         : Index for type: /registry/storage.halo.run/localthumbnails built successfully, cost 1 ms
2026-07-23T18:27:37.276+08:00  INFO 7 --- [main] r.h.a.e.index.IndexerFactoryImpl         : Start building index for type: /registry/metrics.halo.run/counters, please wait...
2026-07-23T18:27:37.277+08:00  INFO 7 --- [main] r.h.a.e.index.IndexerFactoryImpl         : Index for type: /registry/metrics.halo.run/counters built successfully, cost 1 ms
2026-07-23T18:27:37.316+08:00  INFO 7 --- [main] r.h.a.e.index.IndexerFactoryImpl         : Start building index for type: /registry/auth.halo.run/authproviders, please wait...
2026-07-23T18:27:37.318+08:00  INFO 7 --- [main] r.h.a.e.index.IndexerFactoryImpl         : Index for type: /registry/auth.halo.run/authproviders built successfully, cost 2 ms
2026-07-23T18:27:37.346+08:00  INFO 7 --- [main] r.h.a.e.index.IndexerFactoryImpl         : Start building index for type: /registry/auth.halo.run/userconnections, please wait...
2026-07-23T18:27:37.347+08:00  INFO 7 --- [main] r.h.a.e.index.IndexerFactoryImpl         : Index for type: /registry/auth.halo.run/userconnections built successfully, cost 1 ms
2026-07-23T18:27:37.376+08:00  INFO 7 --- [main] r.h.a.e.index.IndexerFactoryImpl         : Start building index for type: /registry/security.halo.run/personalaccesstokens, please wait...
2026-07-23T18:27:37.377+08:00  INFO 7 --- [main] r.h.a.e.index.IndexerFactoryImpl         : Index for type: /registry/security.halo.run/personalaccesstokens built successfully, cost 2 ms
2026-07-23T18:27:37.404+08:00  INFO 7 --- [main] r.h.a.e.index.IndexerFactoryImpl         : Start building index for type: /registry/security.halo.run/remembermetokens, please wait...
2026-07-23T18:27:37.405+08:00  INFO 7 --- [main] r.h.a.e.index.IndexerFactoryImpl         : Index for type: /registry/security.halo.run/remembermetokens built successfully, cost 1 ms
2026-07-23T18:27:37.431+08:00  INFO 7 --- [main] r.h.a.e.index.IndexerFactoryImpl         : Start building index for type: /registry/security.halo.run/devices, please wait...
2026-07-23T18:27:37.433+08:00  INFO 7 --- [main] r.h.a.e.index.IndexerFactoryImpl         : Index for type: /registry/security.halo.run/devices built successfully, cost 2 ms
2026-07-23T18:27:37.461+08:00  INFO 7 --- [main] r.h.a.e.index.IndexerFactoryImpl         : Start building index for type: /registry/migration.halo.run/backups, please wait...
2026-07-23T18:27:37.462+08:00  INFO 7 --- [main] r.h.a.e.index.IndexerFactoryImpl         : Index for type: /registry/migration.halo.run/backups built successfully, cost 1 ms
2026-07-23T18:27:37.505+08:00  INFO 7 --- [main] r.h.a.e.index.IndexerFactoryImpl         : Start building index for type: /registry/notification.halo.run/reasontypes, please wait...
2026-07-23T18:27:37.508+08:00  INFO 7 --- [main] r.h.a.e.index.IndexerFactoryImpl         : Index for type: /registry/notification.halo.run/reasontypes built successfully, cost 3 ms
2026-07-23T18:27:37.537+08:00  INFO 7 --- [main] r.h.a.e.index.IndexerFactoryImpl         : Start building index for type: /registry/notification.halo.run/reasons, please wait...
2026-07-23T18:27:37.538+08:00  INFO 7 --- [main] r.h.a.e.index.IndexerFactoryImpl         : Index for type: /registry/notification.halo.run/reasons built successfully, cost 1 ms
2026-07-23T18:27:37.580+08:00  INFO 7 --- [main] r.h.a.e.index.IndexerFactoryImpl         : Start building index for type: /registry/notification.halo.run/notificationtemplates, please wait...
2026-07-23T18:27:37.582+08:00  INFO 7 --- [main] r.h.a.e.index.IndexerFactoryImpl         : Index for type: /registry/notification.halo.run/notificationtemplates built successfully, cost 2 ms
2026-07-23T18:27:37.607+08:00  INFO 7 --- [main] r.h.a.e.index.IndexerFactoryImpl         : Start building index for type: /registry/notification.halo.run/subscriptions, please wait...
2026-07-23T18:27:37.609+08:00  INFO 7 --- [main] r.h.a.e.index.IndexerFactoryImpl         : Index for type: /registry/notification.halo.run/subscriptions built successfully, cost 2 ms
2026-07-23T18:27:37.644+08:00  INFO 7 --- [main] r.h.a.e.index.IndexerFactoryImpl         : Start building index for type: /registry/notification.halo.run/notifierDescriptors, please wait...
2026-07-23T18:27:37.645+08:00  INFO 7 --- [main] r.h.a.e.index.IndexerFactoryImpl         : Index for type: /registry/notification.halo.run/notifierDescriptors built successfully, cost 2 ms
2026-07-23T18:27:37.673+08:00  INFO 7 --- [main] r.h.a.e.index.IndexerFactoryImpl         : Start building index for type: /registry/notification.halo.run/notifications, please wait...
2026-07-23T18:27:37.675+08:00  INFO 7 --- [main] r.h.a.e.index.IndexerFactoryImpl         : Index for type: /registry/notification.halo.run/notifications built successfully, cost 2 ms
2026-07-23T18:27:37.687+08:00  INFO 7 --- [main] r.h.a.e.ReactiveExtensionClientImpl      : Successfully built index in 2463ms, Preparing to lunch application...
2026-07-23T18:27:37.690+08:00  INFO 7 --- [main] run.halo.app.Application                 : Started Application in 43.215 seconds (process running for 46.013)
2026-07-23T18:27:38.245+08:00  WARN 7 --- [main] io.r2dbc.h2.H2Connection                 : Option{name='readOnly', sensitive=false} + isn't supported in H2 at the transaction level. You must set it on conenction URL. See http://www.h2database.com/html/features.html#read_only
2026-07-23T18:27:39.088+08:00  WARN 7 --- [main] io.r2dbc.h2.H2Connection                 : Option{name='readOnly', sensitive=false} + isn't supported in H2 at the transaction level. You must set it on conenction URL. See http://www.h2database.com/html/features.html#read_only
2026-07-23T18:27:39.139+08:00  WARN 7 --- [main] io.r2dbc.h2.H2Connection                 : Option{name='readOnly', sensitive=false} + isn't supported in H2 at the transaction level. You must set it on conenction URL. See http://www.h2database.com/html/features.html#read_only
2026-07-23T18:27:39.188+08:00  WARN 7 --- [main] io.r2dbc.h2.H2Connection                 : Option{name='readOnly', sensitive=false} + isn't supported in H2 at the transaction level. You must set it on conenction URL. See http://www.h2database.com/html/features.html#read_only
2026-07-23T18:27:39.235+08:00  WARN 7 --- [main] io.r2dbc.h2.H2Connection                 : Option{name='readOnly', sensitive=false} + isn't supported in H2 at the transaction level. You must set it on conenction URL. See http://www.h2database.com/html/features.html#read_only
2026-07-23T18:27:39.281+08:00  WARN 7 --- [main] io.r2dbc.h2.H2Connection                 : Option{name='readOnly', sensitive=false} + isn't supported in H2 at the transaction level. You must set it on conenction URL. See http://www.h2database.com/html/features.html#read_only
2026-07-23T18:27:39.326+08:00  WARN 7 --- [main] io.r2dbc.h2.H2Connection                 : Option{name='readOnly', sensitive=false} + isn't supported in H2 at the transaction level. You must set it on conenction URL. See http://www.h2database.com/html/features.html#read_only
2026-07-23T18:27:39.378+08:00  WARN 7 --- [main] io.r2dbc.h2.H2Connection                 : Option{name='readOnly', sensitive=false} + isn't supported in H2 at the transaction level. You must set it on conenction URL. See http://www.h2database.com/html/features.html#read_only
2026-07-23T18:27:39.448+08:00  WARN 7 --- [main] io.r2dbc.h2.H2Connection                 : Option{name='readOnly', sensitive=false} + isn't supported in H2 at the transaction level. You must set it on conenction URL. See http://www.h2database.com/html/features.html#read_only
2026-07-23T18:27:39.502+08:00  WARN 7 --- [main] io.r2dbc.h2.H2Connection                 : Option{name='readOnly', sensitive=false} + isn't supported in H2 at the transaction level. You must set it on conenction URL. See http://www.h2database.com/html/features.html#read_only
2026-07-23T18:27:39.569+08:00  WARN 7 --- [main] io.r2dbc.h2.H2Connection                 : Option{name='readOnly', sensitive=false} + isn't supported in H2 at the transaction level. You must set it on conenction URL. See http://www.h2database.com/html/features.html#read_only
2026-07-23T18:27:39.611+08:00  WARN 7 --- [main] io.r2dbc.h2.H2Connection                 : Option{name='readOnly', sensitive=false} + isn't supported in H2 at the transaction level. You must set it on conenction URL. See http://www.h2database.com/html/features.html#read_only
2026-07-23T18:27:39.694+08:00  WARN 7 --- [main] io.r2dbc.h2.H2Connection                 : Option{name='readOnly', sensitive=false} + isn't supported in H2 at the transaction level. You must set it on conenction URL. See http://www.h2database.com/html/features.html#read_only
2026-07-23T18:27:39.753+08:00  WARN 7 --- [main] io.r2dbc.h2.H2Connection                 : Option{name='readOnly', sensitive=false} + isn't supported in H2 at the transaction level. You must set it on conenction URL. See http://www.h2database.com/html/features.html#read_only
2026-07-23T18:27:39.815+08:00  WARN 7 --- [main] io.r2dbc.h2.H2Connection                 : Option{name='readOnly', sensitive=false} + isn't supported in H2 at the transaction level. You must set it on conenction URL. See http://www.h2database.com/html/features.html#read_only
2026-07-23T18:27:39.867+08:00  WARN 7 --- [main] io.r2dbc.h2.H2Connection                 : Option{name='readOnly', sensitive=false} + isn't supported in H2 at the transaction level. You must set it on conenction URL. See http://www.h2database.com/html/features.html#read_only
2026-07-23T18:27:39.915+08:00  WARN 7 --- [main] io.r2dbc.h2.H2Connection                 : Option{name='readOnly', sensitive=false} + isn't supported in H2 at the transaction level. You must set it on conenction URL. See http://www.h2database.com/html/features.html#read_only
2026-07-23T18:27:39.965+08:00  WARN 7 --- [main] io.r2dbc.h2.H2Connection                 : Option{name='readOnly', sensitive=false} + isn't supported in H2 at the transaction level. You must set it on conenction URL. See http://www.h2database.com/html/features.html#read_only
2026-07-23T18:27:40.013+08:00  WARN 7 --- [main] io.r2dbc.h2.H2Connection                 : Option{name='readOnly', sensitive=false} + isn't supported in H2 at the transaction level. You must set it on conenction URL. See http://www.h2database.com/html/features.html#read_only
2026-07-23T18:27:40.061+08:00  WARN 7 --- [main] io.r2dbc.h2.H2Connection                 : Option{name='readOnly', sensitive=false} + isn't supported in H2 at the transaction level. You must set it on conenction URL. See http://www.h2database.com/html/features.html#read_only
2026-07-23T18:27:40.110+08:00  WARN 7 --- [main] io.r2dbc.h2.H2Connection                 : Option{name='readOnly', sensitive=false} + isn't supported in H2 at the transaction level. You must set it on conenction URL. See http://www.h2database.com/html/features.html#read_only
2026-07-23T18:27:40.182+08:00  WARN 7 --- [main] io.r2dbc.h2.H2Connection                 : Option{name='readOnly', sensitive=false} + isn't supported in H2 at the transaction level. You must set it on conenction URL. See http://www.h2database.com/html/features.html#read_only
2026-07-23T18:27:40.225+08:00  WARN 7 --- [main] io.r2dbc.h2.H2Connection                 : Option{name='readOnly', sensitive=false} + isn't supported in H2 at the transaction level. You must set it on conenction URL. See http://www.h2database.com/html/features.html#read_only
2026-07-23T18:27:40.281+08:00  WARN 7 --- [main] io.r2dbc.h2.H2Connection                 : Option{name='readOnly', sensitive=false} + isn't supported in H2 at the transaction level. You must set it on conenction URL. See http://www.h2database.com/html/features.html#read_only
2026-07-23T18:27:40.329+08:00  WARN 7 --- [main] io.r2dbc.h2.H2Connection                 : Option{name='readOnly', sensitive=false} + isn't supported in H2 at the transaction level. You must set it on conenction URL. See http://www.h2database.com/html/features.html#read_only
2026-07-23T18:27:40.390+08:00  WARN 7 --- [main] io.r2dbc.h2.H2Connection                 : Option{name='readOnly', sensitive=false} + isn't supported in H2 at the transaction level. You must set it on conenction URL. See http://www.h2database.com/html/features.html#read_only
2026-07-23T18:27:40.430+08:00  WARN 7 --- [main] io.r2dbc.h2.H2Connection                 : Option{name='readOnly', sensitive=false} + isn't supported in H2 at the transaction level. You must set it on conenction URL. See http://www.h2database.com/html/features.html#read_only
2026-07-23T18:27:40.482+08:00  WARN 7 --- [main] io.r2dbc.h2.H2Connection                 : Option{name='readOnly', sensitive=false} + isn't supported in H2 at the transaction level. You must set it on conenction URL. See http://www.h2database.com/html/features.html#read_only
2026-07-23T18:27:40.526+08:00  WARN 7 --- [main] io.r2dbc.h2.H2Connection                 : Option{name='readOnly', sensitive=false} + isn't supported in H2 at the transaction level. You must set it on conenction URL. See http://www.h2database.com/html/features.html#read_only
2026-07-23T18:27:40.581+08:00  WARN 7 --- [main] io.r2dbc.h2.H2Connection                 : Option{name='readOnly', sensitive=false} + isn't supported in H2 at the transaction level. You must set it on conenction URL. See http://www.h2database.com/html/features.html#read_only
2026-07-23T18:27:40.661+08:00  WARN 7 --- [main] io.r2dbc.h2.H2Connection                 : Option{name='readOnly', sensitive=false} + isn't supported in H2 at the transaction level. You must set it on conenction URL. See http://www.h2database.com/html/features.html#read_only
2026-07-23T18:27:40.714+08:00  WARN 7 --- [main] io.r2dbc.h2.H2Connection                 : Option{name='readOnly', sensitive=false} + isn't supported in H2 at the transaction level. You must set it on conenction URL. See http://www.h2database.com/html/features.html#read_only
2026-07-23T18:27:40.757+08:00  WARN 7 --- [main] io.r2dbc.h2.H2Connection                 : Option{name='readOnly', sensitive=false} + isn't supported in H2 at the transaction level. You must set it on conenction URL. See http://www.h2database.com/html/features.html#read_only
2026-07-23T18:27:40.806+08:00  WARN 7 --- [main] io.r2dbc.h2.H2Connection                 : Option{name='readOnly', sensitive=false} + isn't supported in H2 at the transaction level. You must set it on conenction URL. See http://www.h2database.com/html/features.html#read_only
2026-07-23T18:27:40.859+08:00  WARN 7 --- [main] io.r2dbc.h2.H2Connection                 : Option{name='readOnly', sensitive=false} + isn't supported in H2 at the transaction level. You must set it on conenction URL. See http://www.h2database.com/html/features.html#read_only
2026-07-23T18:27:40.919+08:00  WARN 7 --- [main] io.r2dbc.h2.H2Connection                 : Option{name='readOnly', sensitive=false} + isn't supported in H2 at the transaction level. You must set it on conenction URL. See http://www.h2database.com/html/features.html#read_only
2026-07-23T18:27:40.966+08:00  WARN 7 --- [main] io.r2dbc.h2.H2Connection                 : Option{name='readOnly', sensitive=false} + isn't supported in H2 at the transaction level. You must set it on conenction URL. See http://www.h2database.com/html/features.html#read_only
2026-07-23T18:27:41.011+08:00  WARN 7 --- [main] io.r2dbc.h2.H2Connection                 : Option{name='readOnly', sensitive=false} + isn't supported in H2 at the transaction level. You must set it on conenction URL. See http://www.h2database.com/html/features.html#read_only
2026-07-23T18:27:41.050+08:00  WARN 7 --- [main] io.r2dbc.h2.H2Connection                 : Option{name='readOnly', sensitive=false} + isn't supported in H2 at the transaction level. You must set it on conenction URL. See http://www.h2database.com/html/features.html#read_only
2026-07-23T18:27:41.095+08:00  WARN 7 --- [main] io.r2dbc.h2.H2Connection                 : Option{name='readOnly', sensitive=false} + isn't supported in H2 at the transaction level. You must set it on conenction URL. See http://www.h2database.com/html/features.html#read_only
2026-07-23T18:27:41.145+08:00  WARN 7 --- [main] io.r2dbc.h2.H2Connection                 : Option{name='readOnly', sensitive=false} + isn't supported in H2 at the transaction level. You must set it on conenction URL. See http://www.h2database.com/html/features.html#read_only
2026-07-23T18:27:41.194+08:00  WARN 7 --- [main] io.r2dbc.h2.H2Connection                 : Option{name='readOnly', sensitive=false} + isn't supported in H2 at the transaction level. You must set it on conenction URL. See http://www.h2database.com/html/features.html#read_only
2026-07-23T18:27:41.235+08:00  WARN 7 --- [main] io.r2dbc.h2.H2Connection                 : Option{name='readOnly', sensitive=false} + isn't supported in H2 at the transaction level. You must set it on conenction URL. See http://www.h2database.com/html/features.html#read_only
2026-07-23T18:27:41.282+08:00  WARN 7 --- [main] io.r2dbc.h2.H2Connection                 : Option{name='readOnly', sensitive=false} + isn't supported in H2 at the transaction level. You must set it on conenction URL. See http://www.h2database.com/html/features.html#read_only
2026-07-23T18:27:41.316+08:00  WARN 7 --- [main] io.r2dbc.h2.H2Connection                 : Option{name='readOnly', sensitive=false} + isn't supported in H2 at the transaction level. You must set it on conenction URL. See http://www.h2database.com/html/features.html#read_only
2026-07-23T18:27:41.367+08:00  WARN 7 --- [main] io.r2dbc.h2.H2Connection                 : Option{name='readOnly', sensitive=false} + isn't supported in H2 at the transaction level. You must set it on conenction URL. See http://www.h2database.com/html/features.html#read_only
2026-07-23T18:27:41.405+08:00  WARN 7 --- [main] io.r2dbc.h2.H2Connection                 : Option{name='readOnly', sensitive=false} + isn't supported in H2 at the transaction level. You must set it on conenction URL. See http://www.h2database.com/html/features.html#read_only
2026-07-23T18:27:41.451+08:00  WARN 7 --- [main] io.r2dbc.h2.H2Connection                 : Option{name='readOnly', sensitive=false} + isn't supported in H2 at the transaction level. You must set it on conenction URL. See http://www.h2database.com/html/features.html#read_only
2026-07-23T18:27:41.486+08:00  WARN 7 --- [main] io.r2dbc.h2.H2Connection                 : Option{name='readOnly', sensitive=false} + isn't supported in H2 at the transaction level. You must set it on conenction URL. See http://www.h2database.com/html/features.html#read_only
2026-07-23T18:27:41.529+08:00  WARN 7 --- [main] io.r2dbc.h2.H2Connection                 : Option{name='readOnly', sensitive=false} + isn't supported in H2 at the transaction level. You must set it on conenction URL. See http://www.h2database.com/html/features.html#read_only
2026-07-23T18:27:41.566+08:00  WARN 7 --- [main] io.r2dbc.h2.H2Connection                 : Option{name='readOnly', sensitive=false} + isn't supported in H2 at the transaction level. You must set it on conenction URL. See http://www.h2database.com/html/features.html#read_only
2026-07-23T18:27:41.601+08:00  WARN 7 --- [main] io.r2dbc.h2.H2Connection                 : Option{name='readOnly', sensitive=false} + isn't supported in H2 at the transaction level. You must set it on conenction URL. See http://www.h2database.com/html/features.html#read_only
2026-07-23T18:27:41.635+08:00  WARN 7 --- [main] io.r2dbc.h2.H2Connection                 : Option{name='readOnly', sensitive=false} + isn't supported in H2 at the transaction level. You must set it on conenction URL. See http://www.h2database.com/html/features.html#read_only
2026-07-23T18:27:41.670+08:00  WARN 7 --- [main] io.r2dbc.h2.H2Connection                 : Option{name='readOnly', sensitive=false} + isn't supported in H2 at the transaction level. You must set it on conenction URL. See http://www.h2database.com/html/features.html#read_only
2026-07-23T18:27:41.704+08:00  WARN 7 --- [main] io.r2dbc.h2.H2Connection                 : Option{name='readOnly', sensitive=false} + isn't supported in H2 at the transaction level. You must set it on conenction URL. See http://www.h2database.com/html/features.html#read_only
2026-07-23T18:27:41.745+08:00  WARN 7 --- [main] io.r2dbc.h2.H2Connection                 : Option{name='readOnly', sensitive=false} + isn't supported in H2 at the transaction level. You must set it on conenction URL. See http://www.h2database.com/html/features.html#read_only
2026-07-23T18:27:41.787+08:00  WARN 7 --- [main] io.r2dbc.h2.H2Connection                 : Option{name='readOnly', sensitive=false} + isn't supported in H2 at the transaction level. You must set it on conenction URL. See http://www.h2database.com/html/features.html#read_only
2026-07-23T18:27:41.823+08:00  WARN 7 --- [main] io.r2dbc.h2.H2Connection                 : Option{name='readOnly', sensitive=false} + isn't supported in H2 at the transaction level. You must set it on conenction URL. See http://www.h2database.com/html/features.html#read_only
2026-07-23T18:27:41.860+08:00  WARN 7 --- [main] io.r2dbc.h2.H2Connection                 : Option{name='readOnly', sensitive=false} + isn't supported in H2 at the transaction level. You must set it on conenction URL. See http://www.h2database.com/html/features.html#read_only
2026-07-23T18:27:41.921+08:00  WARN 7 --- [main] io.r2dbc.h2.H2Connection                 : Option{name='readOnly', sensitive=false} + isn't supported in H2 at the transaction level. You must set it on conenction URL. See http://www.h2database.com/html/features.html#read_only
2026-07-23T18:27:41.956+08:00  WARN 7 --- [main] io.r2dbc.h2.H2Connection                 : Option{name='readOnly', sensitive=false} + isn't supported in H2 at the transaction level. You must set it on conenction URL. See http://www.h2database.com/html/features.html#read_only
2026-07-23T18:27:42.000+08:00  WARN 7 --- [main] io.r2dbc.h2.H2Connection                 : Option{name='readOnly', sensitive=false} + isn't supported in H2 at the transaction level. You must set it on conenction URL. See http://www.h2database.com/html/features.html#read_only
2026-07-23T18:27:42.085+08:00  WARN 7 --- [main] io.r2dbc.h2.H2Connection                 : Option{name='readOnly', sensitive=false} + isn't supported in H2 at the transaction level. You must set it on conenction URL. See http://www.h2database.com/html/features.html#read_only
2026-07-23T18:27:42.119+08:00  WARN 7 --- [main] io.r2dbc.h2.H2Connection                 : Option{name='readOnly', sensitive=false} + isn't supported in H2 at the transaction level. You must set it on conenction URL. See http://www.h2database.com/html/features.html#read_only
2026-07-23T18:27:42.135+08:00  INFO 7 --- [main] r.h.a.e.controller.DefaultController     : Starting controller garbage-collector-controller
2026-07-23T18:27:42.145+08:00  INFO 7 --- [garbage-collector-controller-t-5] r.h.a.e.controller.DefaultController     : Controller worker garbage-collector-controller-worker-5 started
2026-07-23T18:27:42.141+08:00  INFO 7 --- [garbage-collector-controller-t-2] r.h.a.e.controller.DefaultController     : Controller worker garbage-collector-controller-worker-2 started
2026-07-23T18:27:42.148+08:00  INFO 7 --- [garbage-collector-controller-t-3] r.h.a.e.controller.DefaultController     : Controller worker garbage-collector-controller-worker-3 started
2026-07-23T18:27:42.149+08:00  INFO 7 --- [garbage-collector-controller-t-1] r.h.a.e.controller.DefaultController     : Controller worker garbage-collector-controller-worker-1 started
2026-07-23T18:27:42.150+08:00  INFO 7 --- [garbage-collector-controller-t-4] r.h.a.e.controller.DefaultController     : Controller worker garbage-collector-controller-worker-4 started
2026-07-23T18:27:42.152+08:00  INFO 7 --- [garbage-collector-controller-t-7] r.h.a.e.controller.DefaultController     : Controller worker garbage-collector-controller-worker-7 started
2026-07-23T18:27:42.158+08:00  INFO 7 --- [garbage-collector-controller-t-10] r.h.a.e.controller.DefaultController     : Controller worker garbage-collector-controller-worker-10 started
2026-07-23T18:27:42.160+08:00  INFO 7 --- [garbage-collector-controller-t-6] r.h.a.e.controller.DefaultController     : Controller worker garbage-collector-controller-worker-6 started
2026-07-23T18:27:42.161+08:00  INFO 7 --- [garbage-collector-controller-t-9] r.h.a.e.controller.DefaultController     : Controller worker garbage-collector-controller-worker-9 started
2026-07-23T18:27:42.164+08:00  INFO 7 --- [garbage-collector-controller-t-8] r.h.a.e.controller.DefaultController     : Controller worker garbage-collector-controller-worker-8 started
2026-07-23T18:27:42.191+08:00  INFO 7 --- [main] r.h.a.e.controller.DefaultController     : Starting controller run.halo.app.core.extension.reconciler.SystemSettingReconciler
2026-07-23T18:27:42.194+08:00  INFO 7 --- [run.halo.app.core.extension.reconciler.SystemSettingReconciler-t-1] r.h.a.e.controller.DefaultController     : Controller worker run.halo.app.core.extension.reconciler.SystemSettingReconciler-worker-1 started
2026-07-23T18:27:42.195+08:00  INFO 7 --- [run.halo.app.core.extension.reconciler.SystemSettingReconciler-t-1] r.h.a.e.controller.RequestSynchronizer   : Starting request(v1alpha1/ConfigMap) synchronizer...
2026-07-23T18:27:42.195+08:00  INFO 7 --- [main] r.h.a.e.controller.DefaultController     : Starting controller run.halo.app.core.extension.reconciler.MenuItemReconciler
2026-07-23T18:27:42.199+08:00  INFO 7 --- [run.halo.app.core.extension.reconciler.MenuItemReconciler-t-1] r.h.a.e.controller.DefaultController     : Controller worker run.halo.app.core.extension.reconciler.MenuItemReconciler-worker-1 started
2026-07-23T18:27:42.200+08:00  INFO 7 --- [run.halo.app.core.extension.reconciler.MenuItemReconciler-t-1] r.h.a.e.controller.RequestSynchronizer   : Starting request(v1alpha1/MenuItem) synchronizer...
2026-07-23T18:27:42.200+08:00  INFO 7 --- [main] r.h.a.e.controller.DefaultController     : Starting controller run.halo.app.core.extension.reconciler.CommentReconciler
2026-07-23T18:27:42.214+08:00  INFO 7 --- [run.halo.app.core.extension.reconciler.CommentReconciler-t-1] r.h.a.e.controller.DefaultController     : Controller worker run.halo.app.core.extension.reconciler.CommentReconciler-worker-1 started
2026-07-23T18:27:42.214+08:00  INFO 7 --- [run.halo.app.core.extension.reconciler.CommentReconciler-t-1] r.h.a.e.controller.RequestSynchronizer   : Starting request(content.halo.run/v1alpha1/Comment) synchronizer...
2026-07-23T18:27:42.217+08:00  INFO 7 --- [run.halo.app.core.extension.reconciler.MenuItemReconciler-t-1] r.h.a.e.controller.RequestSynchronizer   : Started request(v1alpha1/MenuItem) synchronizer.
2026-07-23T18:27:42.223+08:00  INFO 7 --- [run.halo.app.core.extension.reconciler.CommentReconciler-t-1] r.h.a.e.controller.RequestSynchronizer   : Started request(content.halo.run/v1alpha1/Comment) synchronizer.
2026-07-23T18:27:42.229+08:00  INFO 7 --- [run.halo.app.core.extension.reconciler.SystemSettingReconciler-t-1] r.h.a.e.controller.RequestSynchronizer   : Started request(v1alpha1/ConfigMap) synchronizer.
2026-07-23T18:27:42.230+08:00  INFO 7 --- [main] r.h.a.e.controller.DefaultController     : Starting controller run.halo.app.core.extension.reconciler.PluginReconciler
2026-07-23T18:27:42.232+08:00  INFO 7 --- [run.halo.app.core.extension.reconciler.PluginReconciler-t-1] r.h.a.e.controller.DefaultController     : Controller worker run.halo.app.core.extension.reconciler.PluginReconciler-worker-1 started
2026-07-23T18:27:42.233+08:00  INFO 7 --- [run.halo.app.core.extension.reconciler.PluginReconciler-t-1] r.h.a.e.controller.RequestSynchronizer   : Starting request(plugin.halo.run/v1alpha1/Plugin) synchronizer...
2026-07-23T18:27:42.234+08:00  INFO 7 --- [run.halo.app.core.extension.reconciler.PluginReconciler-t-1] r.h.a.e.controller.RequestSynchronizer   : Started request(plugin.halo.run/v1alpha1/Plugin) synchronizer.
2026-07-23T18:27:42.236+08:00  INFO 7 --- [main] r.h.a.e.controller.DefaultController     : Starting controller run.halo.app.migration.BackupReconciler
2026-07-23T18:27:42.238+08:00  INFO 7 --- [main] r.h.a.e.controller.DefaultController     : Starting controller run.halo.app.core.extension.reconciler.CategoryReconciler
2026-07-23T18:27:42.240+08:00  INFO 7 --- [main] r.h.a.e.controller.DefaultController     : Starting controller run.halo.app.core.extension.reconciler.PostReconciler
2026-07-23T18:27:42.242+08:00  INFO 7 --- [main] r.h.a.e.controller.DefaultController     : Starting controller run.halo.app.core.attachment.reconciler.LocalThumbnailsReconciler
2026-07-23T18:27:42.244+08:00  INFO 7 --- [run.halo.app.core.extension.reconciler.PostReconciler-t-1] r.h.a.e.controller.DefaultController     : Controller worker run.halo.app.core.extension.reconciler.PostReconciler-worker-1 started
2026-07-23T18:27:42.244+08:00  INFO 7 --- [run.halo.app.migration.BackupReconciler-t-1] r.h.a.e.controller.DefaultController     : Controller worker run.halo.app.migration.BackupReconciler-worker-1 started
2026-07-23T18:27:42.244+08:00  INFO 7 --- [run.halo.app.core.extension.reconciler.PostReconciler-t-1] r.h.a.e.controller.RequestSynchronizer   : Starting request(content.halo.run/v1alpha1/Post) synchronizer...
2026-07-23T18:27:42.245+08:00  INFO 7 --- [run.halo.app.migration.BackupReconciler-t-1] r.h.a.e.controller.RequestSynchronizer   : Starting request(migration.halo.run/v1alpha1/Backup) synchronizer...
2026-07-23T18:27:42.245+08:00  INFO 7 --- [run.halo.app.migration.BackupReconciler-t-1] r.h.a.e.controller.RequestSynchronizer   : Started request(migration.halo.run/v1alpha1/Backup) synchronizer.
2026-07-23T18:27:42.244+08:00  INFO 7 --- [run.halo.app.core.extension.reconciler.CategoryReconciler-t-1] r.h.a.e.controller.DefaultController     : Controller worker run.halo.app.core.extension.reconciler.CategoryReconciler-worker-1 started
2026-07-23T18:27:42.246+08:00  INFO 7 --- [run.halo.app.core.attachment.reconciler.LocalThumbnailsReconciler-t-1] r.h.a.e.controller.DefaultController     : Controller worker run.halo.app.core.attachment.reconciler.LocalThumbnailsReconciler-worker-1 started
2026-07-23T18:27:42.246+08:00  INFO 7 --- [run.halo.app.core.attachment.reconciler.LocalThumbnailsReconciler-t-1] r.h.a.e.controller.RequestSynchronizer   : Starting request(storage.halo.run/v1alpha1/LocalThumbnail) synchronizer...
2026-07-23T18:27:42.247+08:00  INFO 7 --- [run.halo.app.core.attachment.reconciler.LocalThumbnailsReconciler-t-1] r.h.a.e.controller.RequestSynchronizer   : Started request(storage.halo.run/v1alpha1/LocalThumbnail) synchronizer.
2026-07-23T18:27:42.246+08:00  INFO 7 --- [run.halo.app.core.extension.reconciler.CategoryReconciler-t-1] r.h.a.e.controller.RequestSynchronizer   : Starting request(content.halo.run/v1alpha1/Category) synchronizer...
2026-07-23T18:27:42.249+08:00  INFO 7 --- [run.halo.app.core.extension.reconciler.CategoryReconciler-t-1] r.h.a.e.controller.RequestSynchronizer   : Started request(content.halo.run/v1alpha1/Category) synchronizer.
2026-07-23T18:27:42.250+08:00  INFO 7 --- [main] r.h.a.e.controller.DefaultController     : Starting controller run.halo.app.core.extension.reconciler.AnnotationSettingReconciler
2026-07-23T18:27:42.252+08:00  INFO 7 --- [main] r.h.a.e.controller.DefaultController     : Starting controller run.halo.app.security.device.DeviceReconciler
2026-07-23T18:27:42.255+08:00  INFO 7 --- [main] r.h.a.e.controller.DefaultController     : Starting controller run.halo.app.core.extension.reconciler.UserReconciler
2026-07-23T18:27:42.253+08:00  INFO 7 --- [run.halo.app.core.extension.reconciler.AnnotationSettingReconciler-t-1] r.h.a.e.controller.DefaultController     : Controller worker run.halo.app.core.extension.reconciler.AnnotationSettingReconciler-worker-1 started
2026-07-23T18:27:42.257+08:00  INFO 7 --- [run.halo.app.core.extension.reconciler.AnnotationSettingReconciler-t-1] r.h.a.e.controller.RequestSynchronizer   : Starting request(v1alpha1/AnnotationSetting) synchronizer...
2026-07-23T18:27:42.258+08:00  INFO 7 --- [run.halo.app.core.extension.reconciler.AnnotationSettingReconciler-t-1] r.h.a.e.controller.RequestSynchronizer   : Started request(v1alpha1/AnnotationSetting) synchronizer.
2026-07-23T18:27:42.260+08:00  INFO 7 --- [main] r.h.a.e.controller.DefaultController     : Starting controller run.halo.app.core.extension.reconciler.ReverseProxyReconciler
2026-07-23T18:27:42.265+08:00  INFO 7 --- [run.halo.app.core.extension.reconciler.UserReconciler-t-1] r.h.a.e.controller.DefaultController     : Controller worker run.halo.app.core.extension.reconciler.UserReconciler-worker-1 started
2026-07-23T18:27:42.266+08:00  INFO 7 --- [run.halo.app.core.extension.reconciler.UserReconciler-t-1] r.h.a.e.controller.RequestSynchronizer   : Starting request(v1alpha1/User) synchronizer...
2026-07-23T18:27:42.268+08:00  INFO 7 --- [run.halo.app.core.extension.reconciler.UserReconciler-t-1] r.h.a.e.controller.RequestSynchronizer   : Started request(v1alpha1/User) synchronizer.
2026-07-23T18:27:42.269+08:00  INFO 7 --- [run.halo.app.security.device.DeviceReconciler-t-1] r.h.a.e.controller.DefaultController     : Controller worker run.halo.app.security.device.DeviceReconciler-worker-1 started
2026-07-23T18:27:42.271+08:00  INFO 7 --- [run.halo.app.security.device.DeviceReconciler-t-1] r.h.a.e.controller.RequestSynchronizer   : Starting request(security.halo.run/v1alpha1/Device) synchronizer...
2026-07-23T18:27:42.272+08:00  INFO 7 --- [run.halo.app.security.device.DeviceReconciler-t-1] r.h.a.e.controller.RequestSynchronizer   : Started request(security.halo.run/v1alpha1/Device) synchronizer.
2026-07-23T18:27:42.277+08:00  INFO 7 --- [run.halo.app.core.extension.reconciler.ReverseProxyReconciler-t-1] r.h.a.e.controller.DefaultController     : Controller worker run.halo.app.core.extension.reconciler.ReverseProxyReconciler-worker-1 started
2026-07-23T18:27:42.278+08:00  INFO 7 --- [run.halo.app.core.extension.reconciler.ReverseProxyReconciler-t-1] r.h.a.e.controller.RequestSynchronizer   : Starting request(plugin.halo.run/v1alpha1/ReverseProxy) synchronizer...
2026-07-23T18:27:42.277+08:00  INFO 7 --- [run.halo.app.core.extension.reconciler.PostReconciler-t-1] r.h.a.e.controller.RequestSynchronizer   : Started request(content.halo.run/v1alpha1/Post) synchronizer.
2026-07-23T18:27:42.295+08:00  INFO 7 --- [run.halo.app.core.extension.reconciler.ReverseProxyReconciler-t-1] r.h.a.e.controller.RequestSynchronizer   : Started request(plugin.halo.run/v1alpha1/ReverseProxy) synchronizer.
2026-07-23T18:27:42.295+08:00  INFO 7 --- [main] r.h.a.e.controller.DefaultController     : Starting controller run.halo.app.core.extension.reconciler.PostCounterReconciler
2026-07-23T18:27:42.302+08:00  INFO 7 --- [main] r.h.a.e.controller.DefaultController     : Starting controller run.halo.app.core.extension.reconciler.TagReconciler
2026-07-23T18:27:42.304+08:00  INFO 7 --- [main] r.h.a.e.controller.DefaultController     : Starting controller run.halo.app.core.extension.reconciler.ReplyReconciler
2026-07-23T18:27:42.306+08:00  INFO 7 --- [main] r.h.a.e.controller.DefaultController     : Starting controller run.halo.app.notification.NotificationTrigger
2026-07-23T18:27:42.309+08:00  INFO 7 --- [main] r.h.a.e.controller.DefaultController     : Starting controller run.halo.app.theme.router.SinglePageRoute
2026-07-23T18:27:42.310+08:00  INFO 7 --- [main] r.h.a.e.controller.DefaultController     : Starting controller run.halo.app.core.extension.reconciler.SinglePageReconciler
2026-07-23T18:27:42.313+08:00  INFO 7 --- [run.halo.app.core.extension.reconciler.TagReconciler-t-1] r.h.a.e.controller.DefaultController     : Controller worker run.halo.app.core.extension.reconciler.TagReconciler-worker-1 started
2026-07-23T18:27:42.314+08:00  INFO 7 --- [run.halo.app.core.extension.reconciler.TagReconciler-t-1] r.h.a.e.controller.RequestSynchronizer   : Starting request(content.halo.run/v1alpha1/Tag) synchronizer...
2026-07-23T18:27:42.306+08:00  INFO 7 --- [run.halo.app.core.extension.reconciler.ReplyReconciler-t-1] r.h.a.e.controller.DefaultController     : Controller worker run.halo.app.core.extension.reconciler.ReplyReconciler-worker-1 started
2026-07-23T18:27:42.319+08:00  INFO 7 --- [run.halo.app.core.extension.reconciler.ReplyReconciler-t-1] r.h.a.e.controller.RequestSynchronizer   : Starting request(content.halo.run/v1alpha1/Reply) synchronizer...
2026-07-23T18:27:42.320+08:00  INFO 7 --- [run.halo.app.core.extension.reconciler.TagReconciler-t-1] r.h.a.e.controller.RequestSynchronizer   : Started request(content.halo.run/v1alpha1/Tag) synchronizer.
2026-07-23T18:27:42.320+08:00  INFO 7 --- [run.halo.app.core.extension.reconciler.ReplyReconciler-t-1] r.h.a.e.controller.RequestSynchronizer   : Started request(content.halo.run/v1alpha1/Reply) synchronizer.
2026-07-23T18:27:42.320+08:00  INFO 7 --- [run.halo.app.core.extension.reconciler.SinglePageReconciler-t-1] r.h.a.e.controller.DefaultController     : Controller worker run.halo.app.core.extension.reconciler.SinglePageReconciler-worker-1 started
2026-07-23T18:27:42.321+08:00  INFO 7 --- [run.halo.app.core.extension.reconciler.SinglePageReconciler-t-1] r.h.a.e.controller.RequestSynchronizer   : Starting request(content.halo.run/v1alpha1/SinglePage) synchronizer...
2026-07-23T18:27:42.323+08:00  INFO 7 --- [run.halo.app.theme.router.SinglePageRoute-t-1] r.h.a.e.controller.DefaultController     : Controller worker run.halo.app.theme.router.SinglePageRoute-worker-1 started
2026-07-23T18:27:42.324+08:00  INFO 7 --- [run.halo.app.theme.router.SinglePageRoute-t-1] r.h.a.e.controller.RequestSynchronizer   : Starting request(content.halo.run/v1alpha1/SinglePage) synchronizer...
2026-07-23T18:27:42.326+08:00  INFO 7 --- [run.halo.app.notification.NotificationTrigger-t-1] r.h.a.e.controller.DefaultController     : Controller worker run.halo.app.notification.NotificationTrigger-worker-1 started
2026-07-23T18:27:42.327+08:00  INFO 7 --- [run.halo.app.notification.NotificationTrigger-t-1] r.h.a.e.controller.RequestSynchronizer   : Starting request(notification.halo.run/v1alpha1/Reason) synchronizer...
2026-07-23T18:27:42.328+08:00  INFO 7 --- [run.halo.app.notification.NotificationTrigger-t-1] r.h.a.e.controller.RequestSynchronizer   : Started request(notification.halo.run/v1alpha1/Reason) synchronizer.
2026-07-23T18:27:42.331+08:00  INFO 7 --- [run.halo.app.core.extension.reconciler.SinglePageReconciler-t-1] r.h.a.e.controller.RequestSynchronizer   : Started request(content.halo.run/v1alpha1/SinglePage) synchronizer.
2026-07-23T18:27:42.331+08:00  INFO 7 --- [run.halo.app.theme.router.SinglePageRoute-t-1] r.h.a.e.controller.RequestSynchronizer   : Started request(content.halo.run/v1alpha1/SinglePage) synchronizer.
2026-07-23T18:27:42.336+08:00  INFO 7 --- [main] r.h.a.e.controller.DefaultController     : Starting controller run.halo.app.core.attachment.reconciler.AttachmentReconciler
2026-07-23T18:27:42.336+08:00  INFO 7 --- [run.halo.app.core.extension.reconciler.PostCounterReconciler-t-1] r.h.a.e.controller.DefaultController     : Controller worker run.halo.app.core.extension.reconciler.PostCounterReconciler-worker-1 started
2026-07-23T18:27:42.337+08:00  INFO 7 --- [run.halo.app.core.extension.reconciler.PostCounterReconciler-t-1] r.h.a.e.controller.RequestSynchronizer   : Starting request(metrics.halo.run/v1alpha1/Counter) synchronizer...
2026-07-23T18:27:42.338+08:00  INFO 7 --- [main] r.h.a.e.controller.DefaultController     : Starting controller run.halo.app.core.extension.reconciler.ThemeReconciler
2026-07-23T18:27:42.340+08:00  INFO 7 --- [run.halo.app.core.attachment.reconciler.AttachmentReconciler-t-1] r.h.a.e.controller.DefaultController     : Controller worker run.halo.app.core.attachment.reconciler.AttachmentReconciler-worker-1 started
2026-07-23T18:27:42.340+08:00  INFO 7 --- [run.halo.app.core.attachment.reconciler.AttachmentReconciler-t-1] r.h.a.e.controller.RequestSynchronizer   : Starting request(storage.halo.run/v1alpha1/Attachment) synchronizer...
2026-07-23T18:27:42.341+08:00  INFO 7 --- [run.halo.app.core.attachment.reconciler.AttachmentReconciler-t-1] r.h.a.e.controller.RequestSynchronizer   : Started request(storage.halo.run/v1alpha1/Attachment) synchronizer.
2026-07-23T18:27:42.342+08:00  INFO 7 --- [run.halo.app.core.extension.reconciler.ThemeReconciler-t-1] r.h.a.e.controller.DefaultController     : Controller worker run.halo.app.core.extension.reconciler.ThemeReconciler-worker-1 started
2026-07-23T18:27:42.344+08:00  INFO 7 --- [run.halo.app.core.extension.reconciler.ThemeReconciler-t-1] r.h.a.e.controller.RequestSynchronizer   : Starting request(theme.halo.run/v1alpha1/Theme) synchronizer...
2026-07-23T18:27:42.340+08:00  INFO 7 --- [main] r.h.a.e.controller.DefaultController     : Starting controller run.halo.app.core.extension.reconciler.RoleReconciler
2026-07-23T18:27:42.346+08:00  INFO 7 --- [run.halo.app.core.extension.reconciler.ThemeReconciler-t-1] r.h.a.e.controller.RequestSynchronizer   : Started request(theme.halo.run/v1alpha1/Theme) synchronizer.
2026-07-23T18:27:42.348+08:00  INFO 7 --- [main] r.h.a.e.controller.DefaultController     : Starting controller run.halo.app.core.extension.reconciler.AuthProviderReconciler
2026-07-23T18:27:42.351+08:00  INFO 7 --- [run.halo.app.core.extension.reconciler.RoleReconciler-t-1] r.h.a.e.controller.DefaultController     : Controller worker run.halo.app.core.extension.reconciler.RoleReconciler-worker-1 started
2026-07-23T18:27:42.353+08:00  INFO 7 --- [run.halo.app.core.extension.reconciler.RoleReconciler-t-1] r.h.a.e.controller.RequestSynchronizer   : Starting request(v1alpha1/Role) synchronizer...
2026-07-23T18:27:42.357+08:00  INFO 7 --- [run.halo.app.core.extension.reconciler.AuthProviderReconciler-t-1] r.h.a.e.controller.DefaultController     : Controller worker run.halo.app.core.extension.reconciler.AuthProviderReconciler-worker-1 started
2026-07-23T18:27:42.358+08:00  INFO 7 --- [run.halo.app.core.extension.reconciler.AuthProviderReconciler-t-1] r.h.a.e.controller.RequestSynchronizer   : Starting request(auth.halo.run/v1alpha1/AuthProvider) synchronizer...
2026-07-23T18:27:42.358+08:00  INFO 7 --- [run.halo.app.core.extension.reconciler.RoleReconciler-t-1] r.h.a.e.controller.RequestSynchronizer   : Started request(v1alpha1/Role) synchronizer.
2026-07-23T18:27:42.358+08:00  INFO 7 --- [run.halo.app.core.extension.reconciler.AuthProviderReconciler-t-1] r.h.a.e.controller.RequestSynchronizer   : Started request(auth.halo.run/v1alpha1/AuthProvider) synchronizer.
2026-07-23T18:27:42.434+08:00  INFO 7 --- [run.halo.app.core.extension.reconciler.PostCounterReconciler-t-1] r.h.a.e.controller.RequestSynchronizer   : Started request(metrics.halo.run/v1alpha1/Counter) synchronizer.
2026-07-23T18:27:42.765+08:00  WARN 7 --- [garbage-collector-controller-t-5] io.r2dbc.h2.H2Connection                 : Option{name='readOnly', sensitive=false} + isn't supported in H2 at the transaction level. You must set it on conenction URL. See http://www.h2database.com/html/features.html#read_only
2026-07-23T18:27:42.807+08:00  WARN 7 --- [garbage-collector-controller-t-5] io.r2dbc.h2.H2Connection                 : Option{name='readOnly', sensitive=false} + isn't supported in H2 at the transaction level. You must set it on conenction URL. See http://www.h2database.com/html/features.html#read_only
2026-07-23T18:27:42.853+08:00  INFO 7 --- [garbage-collector-controller-t-5] r.h.a.n.SubscriptionMigration            : Cleanup user subscription completed
2026-07-23T18:27:42.963+08:00  WARN 7 --- [garbage-collector-controller-t-5] io.r2dbc.h2.H2Connection                 : Option{name='readOnly', sensitive=false} + isn't supported in H2 at the transaction level. You must set it on conenction URL. See http://www.h2database.com/html/features.html#read_only
2026-07-23T18:27:43.057+08:00  WARN 7 --- [garbage-collector-controller-t-5] io.r2dbc.h2.H2Connection                 : Option{name='readOnly', sensitive=false} + isn't supported in H2 at the transaction level. You must set it on conenction URL. See http://www.h2database.com/html/features.html#read_only
2026-07-23T18:27:43.172+08:00  WARN 7 --- [garbage-collector-controller-t-5] io.r2dbc.h2.H2Connection                 : Option{name='readOnly', sensitive=false} + isn't supported in H2 at the transaction level. You must set it on conenction URL. See http://www.h2database.com/html/features.html#read_only
2026-07-23T18:27:43.183+08:00  WARN 7 --- [garbage-collector-controller-t-5] io.r2dbc.h2.H2Connection                 : Option{name='readOnly', sensitive=false} + isn't supported in H2 at the transaction level. You must set it on conenction URL. See http://www.h2database.com/html/features.html#read_only
2026-07-23T18:27:43.345+08:00  WARN 7 --- [garbage-collector-controller-t-5] io.r2dbc.h2.H2Connection                 : Option{name='readOnly', sensitive=false} + isn't supported in H2 at the transaction level. You must set it on conenction URL. See http://www.h2database.com/html/features.html#read_only
2026-07-23T18:27:43.439+08:00  WARN 7 --- [garbage-collector-controller-t-5] io.r2dbc.h2.H2Connection                 : Option{name='readOnly', sensitive=false} + isn't supported in H2 at the transaction level. You must set it on conenction URL. See http://www.h2database.com/html/features.html#read_only
2026-07-23T18:27:43.528+08:00  WARN 7 --- [garbage-collector-controller-t-5] io.r2dbc.h2.H2Connection                 : Option{name='readOnly', sensitive=false} + isn't supported in H2 at the transaction level. You must set it on conenction URL. See http://www.h2database.com/html/features.html#read_only
2026-07-23T18:27:43.612+08:00  WARN 7 --- [garbage-collector-controller-t-5] io.r2dbc.h2.H2Connection                 : Option{name='readOnly', sensitive=false} + isn't supported in H2 at the transaction level. You must set it on conenction URL. See http://www.h2database.com/html/features.html#read_only
2026-07-23T18:27:43.659+08:00  WARN 7 --- [run.halo.app.core.extension.reconciler.RoleReconciler-t-1] io.r2dbc.h2.H2Connection                 : Option{name='readOnly', sensitive=false} + isn't supported in H2 at the transaction level. You must set it on conenction URL. See http://www.h2database.com/html/features.html#read_only
2026-07-23T18:27:43.739+08:00  WARN 7 --- [run.halo.app.core.extension.reconciler.RoleReconciler-t-1] io.r2dbc.h2.H2Connection                 : Option{name='readOnly', sensitive=false} + isn't supported in H2 at the transaction level. You must set it on conenction URL. See http://www.h2database.com/html/features.html#read_only
2026-07-23T18:27:43.814+08:00  WARN 7 --- [run.halo.app.core.extension.reconciler.RoleReconciler-t-1] io.r2dbc.h2.H2Connection                 : Option{name='readOnly', sensitive=false} + isn't supported in H2 at the transaction level. You must set it on conenction URL. See http://www.h2database.com/html/features.html#read_only
2026-07-23T18:27:43.900+08:00  WARN 7 --- [run.halo.app.core.extension.reconciler.RoleReconciler-t-1] io.r2dbc.h2.H2Connection                 : Option{name='readOnly', sensitive=false} + isn't supported in H2 at the transaction level. You must set it on conenction URL. See http://www.h2database.com/html/features.html#read_only
2026-07-23T18:27:44.032+08:00  WARN 7 --- [run.halo.app.core.extension.reconciler.RoleReconciler-t-1] io.r2dbc.h2.H2Connection                 : Option{name='readOnly', sensitive=false} + isn't supported in H2 at the transaction level. You must set it on conenction URL. See http://www.h2database.com/html/features.html#read_only
2026-07-23T18:27:44.102+08:00  WARN 7 --- [run.halo.app.core.extension.reconciler.RoleReconciler-t-1] io.r2dbc.h2.H2Connection                 : Option{name='readOnly', sensitive=false} + isn't supported in H2 at the transaction level. You must set it on conenction URL. See http://www.h2database.com/html/features.html#read_only
2026-07-23T18:27:44.183+08:00  WARN 7 --- [run.halo.app.core.extension.reconciler.RoleReconciler-t-1] io.r2dbc.h2.H2Connection                 : Option{name='readOnly', sensitive=false} + isn't supported in H2 at the transaction level. You must set it on conenction URL. See http://www.h2database.com/html/features.html#read_only
2026-07-23T18:27:44.259+08:00  WARN 7 --- [run.halo.app.core.extension.reconciler.RoleReconciler-t-1] io.r2dbc.h2.H2Connection                 : Option{name='readOnly', sensitive=false} + isn't supported in H2 at the transaction level. You must set it on conenction URL. See http://www.h2database.com/html/features.html#read_only
2026-07-23T18:27:44.297+08:00  WARN 7 --- [run.halo.app.core.extension.reconciler.RoleReconciler-t-1] io.r2dbc.h2.H2Connection                 : Option{name='readOnly', sensitive=false} + isn't supported in H2 at the transaction level. You must set it on conenction URL. See http://www.h2database.com/html/features.html#read_only
2026-07-23T18:27:44.342+08:00  WARN 7 --- [run.halo.app.core.extension.reconciler.RoleReconciler-t-1] io.r2dbc.h2.H2Connection                 : Option{name='readOnly', sensitive=false} + isn't supported in H2 at the transaction level. You must set it on conenction URL. See http://www.h2database.com/html/features.html#read_only
2026-07-23T18:27:44.375+08:00  WARN 7 --- [run.halo.app.core.extension.reconciler.RoleReconciler-t-1] io.r2dbc.h2.H2Connection                 : Option{name='readOnly', sensitive=false} + isn't supported in H2 at the transaction level. You must set it on conenction URL. See http://www.h2database.com/html/features.html#read_only
2026-07-23T18:27:44.407+08:00  WARN 7 --- [run.halo.app.core.extension.reconciler.RoleReconciler-t-1] io.r2dbc.h2.H2Connection                 : Option{name='readOnly', sensitive=false} + isn't supported in H2 at the transaction level. You must set it on conenction URL. See http://www.h2database.com/html/features.html#read_only
2026-07-23T18:27:44.435+08:00  WARN 7 --- [run.halo.app.core.extension.reconciler.RoleReconciler-t-1] io.r2dbc.h2.H2Connection                 : Option{name='readOnly', sensitive=false} + isn't supported in H2 at the transaction level. You must set it on conenction URL. See http://www.h2database.com/html/features.html#read_only
2026-07-23T18:27:44.473+08:00  WARN 7 --- [run.halo.app.core.extension.reconciler.RoleReconciler-t-1] io.r2dbc.h2.H2Connection                 : Option{name='readOnly', sensitive=false} + isn't supported in H2 at the transaction level. You must set it on conenction URL. See http://www.h2database.com/html/features.html#read_only
2026-07-23T18:27:44.517+08:00  WARN 7 --- [run.halo.app.core.extension.reconciler.RoleReconciler-t-1] io.r2dbc.h2.H2Connection                 : Option{name='readOnly', sensitive=false} + isn't supported in H2 at the transaction level. You must set it on conenction URL. See http://www.h2database.com/html/features.html#read_only
2026-07-23T18:27:44.562+08:00  WARN 7 --- [run.halo.app.core.extension.reconciler.RoleReconciler-t-1] io.r2dbc.h2.H2Connection                 : Option{name='readOnly', sensitive=false} + isn't supported in H2 at the transaction level. You must set it on conenction URL. See http://www.h2database.com/html/features.html#read_only
2026-07-23T18:27:44.597+08:00  WARN 7 --- [run.halo.app.core.extension.reconciler.RoleReconciler-t-1] io.r2dbc.h2.H2Connection                 : Option{name='readOnly', sensitive=false} + isn't supported in H2 at the transaction level. You must set it on conenction URL. See http://www.h2database.com/html/features.html#read_only
2026-07-23T18:27:44.636+08:00  WARN 7 --- [run.halo.app.core.extension.reconciler.RoleReconciler-t-1] io.r2dbc.h2.H2Connection                 : Option{name='readOnly', sensitive=false} + isn't supported in H2 at the transaction level. You must set it on conenction URL. See http://www.h2database.com/html/features.html#read_only
2026-07-23T18:27:44.674+08:00  WARN 7 --- [run.halo.app.core.extension.reconciler.RoleReconciler-t-1] io.r2dbc.h2.H2Connection                 : Option{name='readOnly', sensitive=false} + isn't supported in H2 at the transaction level. You must set it on conenction URL. See http://www.h2database.com/html/features.html#read_only
2026-07-23T18:27:44.709+08:00  WARN 7 --- [run.halo.app.core.extension.reconciler.RoleReconciler-t-1] io.r2dbc.h2.H2Connection                 : Option{name='readOnly', sensitive=false} + isn't supported in H2 at the transaction level. You must set it on conenction URL. See http://www.h2database.com/html/features.html#read_only
2026-07-23T18:27:44.739+08:00  WARN 7 --- [run.halo.app.core.extension.reconciler.RoleReconciler-t-1] io.r2dbc.h2.H2Connection                 : Option{name='readOnly', sensitive=false} + isn't supported in H2 at the transaction level. You must set it on conenction URL. See http://www.h2database.com/html/features.html#read_only
2026-07-23T18:27:44.777+08:00  WARN 7 --- [run.halo.app.core.extension.reconciler.RoleReconciler-t-1] io.r2dbc.h2.H2Connection                 : Option{name='readOnly', sensitive=false} + isn't supported in H2 at the transaction level. You must set it on conenction URL. See http://www.h2database.com/html/features.html#read_only
2026-07-23T18:27:44.815+08:00  WARN 7 --- [run.halo.app.core.extension.reconciler.RoleReconciler-t-1] io.r2dbc.h2.H2Connection                 : Option{name='readOnly', sensitive=false} + isn't supported in H2 at the transaction level. You must set it on conenction URL. See http://www.h2database.com/html/features.html#read_only
2026-07-23T18:27:44.848+08:00  WARN 7 --- [run.halo.app.core.extension.reconciler.RoleReconciler-t-1] io.r2dbc.h2.H2Connection                 : Option{name='readOnly', sensitive=false} + isn't supported in H2 at the transaction level. You must set it on conenction URL. See http://www.h2database.com/html/features.html#read_only
2026-07-23T18:27:44.891+08:00  WARN 7 --- [run.halo.app.core.extension.reconciler.RoleReconciler-t-1] io.r2dbc.h2.H2Connection                 : Option{name='readOnly', sensitive=false} + isn't supported in H2 at the transaction level. You must set it on conenction URL. See http://www.h2database.com/html/features.html#read_only
2026-07-23T18:27:44.928+08:00  WARN 7 --- [run.halo.app.core.extension.reconciler.RoleReconciler-t-1] io.r2dbc.h2.H2Connection                 : Option{name='readOnly', sensitive=false} + isn't supported in H2 at the transaction level. You must set it on conenction URL. See http://www.h2database.com/html/features.html#read_only
2026-07-23T18:27:44.969+08:00  WARN 7 --- [run.halo.app.core.extension.reconciler.RoleReconciler-t-1] io.r2dbc.h2.H2Connection                 : Option{name='readOnly', sensitive=false} + isn't supported in H2 at the transaction level. You must set it on conenction URL. See http://www.h2database.com/html/features.html#read_only
2026-07-23T18:27:45.007+08:00  WARN 7 --- [run.halo.app.core.extension.reconciler.RoleReconciler-t-1] io.r2dbc.h2.H2Connection                 : Option{name='readOnly', sensitive=false} + isn't supported in H2 at the transaction level. You must set it on conenction URL. See http://www.h2database.com/html/features.html#read_only
2026-07-23T18:27:45.043+08:00  WARN 7 --- [run.halo.app.core.extension.reconciler.RoleReconciler-t-1] io.r2dbc.h2.H2Connection                 : Option{name='readOnly', sensitive=false} + isn't supported in H2 at the transaction level. You must set it on conenction URL. See http://www.h2database.com/html/features.html#read_only
2026-07-23T18:27:45.081+08:00  WARN 7 --- [run.halo.app.core.extension.reconciler.RoleReconciler-t-1] io.r2dbc.h2.H2Connection                 : Option{name='readOnly', sensitive=false} + isn't supported in H2 at the transaction level. You must set it on conenction URL. See http://www.h2database.com/html/features.html#read_only
2026-07-23T18:27:45.117+08:00  WARN 7 --- [run.halo.app.core.extension.reconciler.RoleReconciler-t-1] io.r2dbc.h2.H2Connection                 : Option{name='readOnly', sensitive=false} + isn't supported in H2 at the transaction level. You must set it on conenction URL. See http://www.h2database.com/html/features.html#read_only
2026-07-23T18:27:45.159+08:00  WARN 7 --- [run.halo.app.core.extension.reconciler.RoleReconciler-t-1] io.r2dbc.h2.H2Connection                 : Option{name='readOnly', sensitive=false} + isn't supported in H2 at the transaction level. You must set it on conenction URL. See http://www.h2database.com/html/features.html#read_only
2026-07-23T18:27:45.196+08:00  WARN 7 --- [run.halo.app.core.extension.reconciler.RoleReconciler-t-1] io.r2dbc.h2.H2Connection                 : Option{name='readOnly', sensitive=false} + isn't supported in H2 at the transaction level. You must set it on conenction URL. See http://www.h2database.com/html/features.html#read_only
2026-07-23T18:27:45.229+08:00  WARN 7 --- [run.halo.app.core.extension.reconciler.RoleReconciler-t-1] io.r2dbc.h2.H2Connection                 : Option{name='readOnly', sensitive=false} + isn't supported in H2 at the transaction level. You must set it on conenction URL. See http://www.h2database.com/html/features.html#read_only
2026-07-23T18:27:45.262+08:00  WARN 7 --- [run.halo.app.core.extension.reconciler.RoleReconciler-t-1] io.r2dbc.h2.H2Connection                 : Option{name='readOnly', sensitive=false} + isn't supported in H2 at the transaction level. You must set it on conenction URL. See http://www.h2database.com/html/features.html#read_only
2026-07-23T18:27:45.304+08:00  WARN 7 --- [run.halo.app.core.extension.reconciler.RoleReconciler-t-1] io.r2dbc.h2.H2Connection                 : Option{name='readOnly', sensitive=false} + isn't supported in H2 at the transaction level. You must set it on conenction URL. See http://www.h2database.com/html/features.html#read_only
2026-07-23T18:27:45.347+08:00  WARN 7 --- [run.halo.app.core.extension.reconciler.RoleReconciler-t-1] io.r2dbc.h2.H2Connection                 : Option{name='readOnly', sensitive=false} + isn't supported in H2 at the transaction level. You must set it on conenction URL. See http://www.h2database.com/html/features.html#read_only
2026-07-23T18:27:45.393+08:00  WARN 7 --- [run.halo.app.core.extension.reconciler.RoleReconciler-t-1] io.r2dbc.h2.H2Connection                 : Option{name='readOnly', sensitive=false} + isn't supported in H2 at the transaction level. You must set it on conenction URL. See http://www.h2database.com/html/features.html#read_only
2026-07-23T18:27:45.431+08:00  WARN 7 --- [run.halo.app.core.extension.reconciler.RoleReconciler-t-1] io.r2dbc.h2.H2Connection                 : Option{name='readOnly', sensitive=false} + isn't supported in H2 at the transaction level. You must set it on conenction URL. See http://www.h2database.com/html/features.html#read_only
2026-07-23T18:27:45.467+08:00  WARN 7 --- [run.halo.app.core.extension.reconciler.RoleReconciler-t-1] io.r2dbc.h2.H2Connection                 : Option{name='readOnly', sensitive=false} + isn't supported in H2 at the transaction level. You must set it on conenction URL. See http://www.h2database.com/html/features.html#read_only
2026-07-23T18:27:45.501+08:00  WARN 7 --- [run.halo.app.core.extension.reconciler.RoleReconciler-t-1] io.r2dbc.h2.H2Connection                 : Option{name='readOnly', sensitive=false} + isn't supported in H2 at the transaction level. You must set it on conenction URL. See http://www.h2database.com/html/features.html#read_only
2026-07-23T18:27:45.537+08:00  WARN 7 --- [run.halo.app.core.extension.reconciler.RoleReconciler-t-1] io.r2dbc.h2.H2Connection                 : Option{name='readOnly', sensitive=false} + isn't supported in H2 at the transaction level. You must set it on conenction URL. See http://www.h2database.com/html/features.html#read_only
2026-07-23T18:27:45.577+08:00  WARN 7 --- [run.halo.app.core.extension.reconciler.RoleReconciler-t-1] io.r2dbc.h2.H2Connection                 : Option{name='readOnly', sensitive=false} + isn't supported in H2 at the transaction level. You must set it on conenction URL. See http://www.h2database.com/html/features.html#read_only
2026-07-23T18:27:45.614+08:00  WARN 7 --- [run.halo.app.core.extension.reconciler.RoleReconciler-t-1] io.r2dbc.h2.H2Connection                 : Option{name='readOnly', sensitive=false} + isn't supported in H2 at the transaction level. You must set it on conenction URL. See http://www.h2database.com/html/features.html#read_only
2026-07-23T18:27:45.648+08:00  WARN 7 --- [run.halo.app.core.extension.reconciler.RoleReconciler-t-1] io.r2dbc.h2.H2Connection                 : Option{name='readOnly', sensitive=false} + isn't supported in H2 at the transaction level. You must set it on conenction URL. See http://www.h2database.com/html/features.html#read_only
2026-07-23T18:27:45.684+08:00  WARN 7 --- [run.halo.app.core.extension.reconciler.RoleReconciler-t-1] io.r2dbc.h2.H2Connection                 : Option{name='readOnly', sensitive=false} + isn't supported in H2 at the transaction level. You must set it on conenction URL. See http://www.h2database.com/html/features.html#read_only
2026-07-23T18:27:45.723+08:00  WARN 7 --- [run.halo.app.core.extension.reconciler.RoleReconciler-t-1] io.r2dbc.h2.H2Connection                 : Option{name='readOnly', sensitive=false} + isn't supported in H2 at the transaction level. You must set it on conenction URL. See http://www.h2database.com/html/features.html#read_only
2026-07-23T18:35:49.360+08:00  WARN 7 --- [reactor-http-epoll-3] io.r2dbc.h2.H2Connection                 : Option{name='readOnly', sensitive=false} + isn't supported in H2 at the transaction level. You must set it on conenction URL. See http://www.h2database.com/html/features.html#read_only
2026-07-23T18:35:49.469+08:00  WARN 7 --- [reactor-http-epoll-3] io.r2dbc.h2.H2Connection                 : Option{name='readOnly', sensitive=false} + isn't supported in H2 at the transaction level. You must set it on conenction URL. See http://www.h2database.com/html/features.html#read_only
2026-07-23T18:35:49.488+08:00  WARN 7 --- [reactor-http-epoll-3] io.r2dbc.h2.H2Connection                 : Option{name='readOnly', sensitive=false} + isn't supported in H2 at the transaction level. You must set it on conenction URL. See http://www.h2database.com/html/features.html#read_only
2026-07-23T18:35:49.539+08:00  WARN 7 --- [reactor-http-epoll-3] io.r2dbc.h2.H2Connection                 : Option{name='readOnly', sensitive=false} + isn't supported in H2 at the transaction level. You must set it on conenction URL. See http://www.h2database.com/html/features.html#read_only
2026-07-23T18:35:49.594+08:00  WARN 7 --- [run.halo.app.core.extension.reconciler.SystemSettingReconciler-t-1] io.r2dbc.h2.H2Connection                 : Option{name='readOnly', sensitive=false} + isn't supported in H2 at the transaction level. You must set it on conenction URL. See http://www.h2database.com/html/features.html#read_only
2026-07-23T18:35:57.406+08:00  WARN 7 --- [parallel-2] io.r2dbc.h2.H2Connection                 : Option{name='readOnly', sensitive=false} + isn't supported in H2 at the transaction level. You must set it on conenction URL. See http://www.h2database.com/html/features.html#read_only
2026-07-23T18:35:57.520+08:00  WARN 7 --- [parallel-2] io.r2dbc.h2.H2Connection                 : Option{name='readOnly', sensitive=false} + isn't supported in H2 at the transaction level. You must set it on conenction URL. See http://www.h2database.com/html/features.html#read_only
2026-07-23T18:35:57.533+08:00  WARN 7 --- [parallel-2] io.r2dbc.h2.H2Connection                 : Option{name='readOnly', sensitive=false} + isn't supported in H2 at the transaction level. You must set it on conenction URL. See http://www.h2database.com/html/features.html#read_only
2026-07-23T18:35:57.585+08:00  WARN 7 --- [parallel-2] io.r2dbc.h2.H2Connection                 : Option{name='readOnly', sensitive=false} + isn't supported in H2 at the transaction level. You must set it on conenction URL. See http://www.h2database.com/html/features.html#read_only
2026-07-23T18:36:00.002+08:00  WARN 7 --- [parallel-2] io.r2dbc.h2.H2Connection                 : Option{name='readOnly', sensitive=false} + isn't supported in H2 at the transaction level. You must set it on conenction URL. See http://www.h2database.com/html/features.html#read_only
2026-07-23T18:36:00.069+08:00  WARN 7 --- [run.halo.app.notification.NotificationTrigger-t-1] io.r2dbc.h2.H2Connection                 : Option{name='readOnly', sensitive=false} + isn't supported in H2 at the transaction level. You must set it on conenction URL. See http://www.h2database.com/html/features.html#read_only
2026-07-23T18:36:08.450+08:00  WARN 7 --- [reactor-http-epoll-3] io.r2dbc.h2.H2Connection                 : Option{name='readOnly', sensitive=false} + isn't supported in H2 at the transaction level. You must set it on conenction URL. See http://www.h2database.com/html/features.html#read_only
2026-07-23T18:36:08.576+08:00  WARN 7 --- [run.halo.app.core.extension.reconciler.CategoryReconciler-t-1] io.r2dbc.h2.H2Connection                 : Option{name='readOnly', sensitive=false} + isn't supported in H2 at the transaction level. You must set it on conenction URL. See http://www.h2database.com/html/features.html#read_only
2026-07-23T18:36:08.587+08:00  WARN 7 --- [reactor-http-epoll-3] io.r2dbc.h2.H2Connection                 : Option{name='readOnly', sensitive=false} + isn't supported in H2 at the transaction level. You must set it on conenction URL. See http://www.h2database.com/html/features.html#read_only
2026-07-23T18:36:08.650+08:00  WARN 7 --- [run.halo.app.core.extension.reconciler.TagReconciler-t-1] io.r2dbc.h2.H2Connection                 : Option{name='readOnly', sensitive=false} + isn't supported in H2 at the transaction level. You must set it on conenction URL. See http://www.h2database.com/html/features.html#read_only
2026-07-23T18:36:08.784+08:00  WARN 7 --- [run.halo.app.core.extension.reconciler.TagReconciler-t-1] io.r2dbc.h2.H2Connection                 : Option{name='readOnly', sensitive=false} + isn't supported in H2 at the transaction level. You must set it on conenction URL. See http://www.h2database.com/html/features.html#read_only
2026-07-23T18:36:08.827+08:00  WARN 7 --- [reactor-http-epoll-3] io.r2dbc.h2.H2Connection                 : Option{name='readOnly', sensitive=false} + isn't supported in H2 at the transaction level. You must set it on conenction URL. See http://www.h2database.com/html/features.html#read_only
2026-07-23T18:36:08.889+08:00  WARN 7 --- [reactor-http-epoll-3] io.r2dbc.h2.H2Connection                 : Option{name='readOnly', sensitive=false} + isn't supported in H2 at the transaction level. You must set it on conenction URL. See http://www.h2database.com/html/features.html#read_only
2026-07-23T18:36:08.907+08:00  WARN 7 --- [reactor-http-epoll-3] io.r2dbc.h2.H2Connection                 : Option{name='readOnly', sensitive=false} + isn't supported in H2 at the transaction level. You must set it on conenction URL. See http://www.h2database.com/html/features.html#read_only
2026-07-23T18:36:08.968+08:00  WARN 7 --- [reactor-http-epoll-3] io.r2dbc.h2.H2Connection                 : Option{name='readOnly', sensitive=false} + isn't supported in H2 at the transaction level. You must set it on conenction URL. See http://www.h2database.com/html/features.html#read_only
2026-07-23T18:36:09.030+08:00  WARN 7 --- [run.halo.app.core.extension.reconciler.PostReconciler-t-1] io.r2dbc.h2.H2Connection                 : Option{name='readOnly', sensitive=false} + isn't supported in H2 at the transaction level. You must set it on conenction URL. See http://www.h2database.com/html/features.html#read_only
2026-07-23T18:36:09.128+08:00  WARN 7 --- [run.halo.app.core.extension.reconciler.PostReconciler-t-1] io.r2dbc.h2.H2Connection                 : Option{name='readOnly', sensitive=false} + isn't supported in H2 at the transaction level. You must set it on conenction URL. See http://www.h2database.com/html/features.html#read_only
2026-07-23T18:36:09.163+08:00  WARN 7 --- [run.halo.app.core.extension.reconciler.PostReconciler-t-1] r.h.a.e.controller.DefaultController     : Optimistic locking failure when reconciling request: run.halo.app.core.extension.reconciler.PostReconciler-worker-1/Request[name=5152aea5-c2e8-4717-8bba-2263d46e19d5]
2026-07-23T18:36:09.182+08:00  WARN 7 --- [run.halo.app.core.extension.reconciler.PostReconciler-t-1] io.r2dbc.h2.H2Connection                 : Option{name='readOnly', sensitive=false} + isn't supported in H2 at the transaction level. You must set it on conenction URL. See http://www.h2database.com/html/features.html#read_only
2026-07-23T18:36:09.198+08:00  WARN 7 --- [run.halo.app.core.extension.reconciler.PostReconciler-t-1] io.r2dbc.h2.H2Connection                 : Option{name='readOnly', sensitive=false} + isn't supported in H2 at the transaction level. You must set it on conenction URL. See http://www.h2database.com/html/features.html#read_only
2026-07-23T18:36:09.239+08:00  WARN 7 --- [run.halo.app.core.extension.reconciler.PostReconciler-t-1] io.r2dbc.h2.H2Connection                 : Option{name='readOnly', sensitive=false} + isn't supported in H2 at the transaction level. You must set it on conenction URL. See http://www.h2database.com/html/features.html#read_only
2026-07-23T18:36:09.325+08:00  WARN 7 --- [run.halo.app.content.TagPostCountUpdater-t-1] io.r2dbc.h2.H2Connection                 : Option{name='readOnly', sensitive=false} + isn't supported in H2 at the transaction level. You must set it on conenction URL. See http://www.h2database.com/html/features.html#read_only
2026-07-23T18:36:09.424+08:00  WARN 7 --- [run.halo.app.content.TagPostCountUpdater-t-1] io.r2dbc.h2.H2Connection                 : Option{name='readOnly', sensitive=false} + isn't supported in H2 at the transaction level. You must set it on conenction URL. See http://www.h2database.com/html/features.html#read_only
2026-07-23T18:36:09.473+08:00  WARN 7 --- [run.halo.app.content.TagPostCountUpdater-t-1] io.r2dbc.h2.H2Connection                 : Option{name='readOnly', sensitive=false} + isn't supported in H2 at the transaction level. You must set it on conenction URL. See http://www.h2database.com/html/features.html#read_only
2026-07-23T18:36:09.497+08:00  WARN 7 --- [run.halo.app.content.TagPostCountUpdater-t-1] io.r2dbc.h2.H2Connection                 : Option{name='readOnly', sensitive=false} + isn't supported in H2 at the transaction level. You must set it on conenction URL. See http://www.h2database.com/html/features.html#read_only
2026-07-23T18:36:09.505+08:00  WARN 7 --- [run.halo.app.content.TagPostCountUpdater-t-1] io.r2dbc.h2.H2Connection                 : Option{name='readOnly', sensitive=false} + isn't supported in H2 at the transaction level. You must set it on conenction URL. See http://www.h2database.com/html/features.html#read_only
2026-07-23T18:36:09.586+08:00  WARN 7 --- [run.halo.app.content.TagPostCountUpdater-t-1] io.r2dbc.h2.H2Connection                 : Option{name='readOnly', sensitive=false} + isn't supported in H2 at the transaction level. You must set it on conenction URL. See http://www.h2database.com/html/features.html#read_only
2026-07-23T18:36:10.427+08:00  WARN 7 --- [run.halo.app.content.TagPostCountUpdater-t-1] o.a.l.i.v.VectorizationProvider          : Java vector incubator module is not readable. For optimal vector performance, pass '--add-modules jdk.incubator.vector' to enable Vector API.
2026-07-23T18:36:11.869+08:00  WARN 7 --- [run.halo.app.content.TagPostCountUpdater-t-1] io.r2dbc.h2.H2Connection                 : Option{name='readOnly', sensitive=false} + isn't supported in H2 at the transaction level. You must set it on conenction URL. See http://www.h2database.com/html/features.html#read_only
2026-07-23T18:36:11.923+08:00  WARN 7 --- [run.halo.app.content.TagPostCountUpdater-t-1] io.r2dbc.h2.H2Connection                 : Option{name='readOnly', sensitive=false} + isn't supported in H2 at the transaction level. You must set it on conenction URL. See http://www.h2database.com/html/features.html#read_only
2026-07-23T18:36:11.974+08:00  WARN 7 --- [run.halo.app.content.TagPostCountUpdater-t-1] io.r2dbc.h2.H2Connection                 : Option{name='readOnly', sensitive=false} + isn't supported in H2 at the transaction level. You must set it on conenction URL. See http://www.h2database.com/html/features.html#read_only
2026-07-23T18:36:11.981+08:00  WARN 7 --- [run.halo.app.content.TagPostCountUpdater-t-1] io.r2dbc.h2.H2Connection                 : Option{name='readOnly', sensitive=false} + isn't supported in H2 at the transaction level. You must set it on conenction URL. See http://www.h2database.com/html/features.html#read_only
2026-07-23T18:36:11.986+08:00  WARN 7 --- [run.halo.app.content.TagPostCountUpdater-t-1] io.r2dbc.h2.H2Connection                 : Option{name='readOnly', sensitive=false} + isn't supported in H2 at the transaction level. You must set it on conenction URL. See http://www.h2database.com/html/features.html#read_only
2026-07-23T18:36:11.986+08:00  WARN 7 --- [run.halo.app.core.extension.reconciler.PostReconciler-t-1] r.h.a.e.controller.DefaultController     : Optimistic locking failure when reconciling request: run.halo.app.core.extension.reconciler.PostReconciler-worker-1/Request[name=5152aea5-c2e8-4717-8bba-2263d46e19d5]
2026-07-23T18:36:12.015+08:00  WARN 7 --- [run.halo.app.core.extension.reconciler.PostReconciler-t-1] io.r2dbc.h2.H2Connection                 : Option{name='readOnly', sensitive=false} + isn't supported in H2 at the transaction level. You must set it on conenction URL. See http://www.h2database.com/html/features.html#read_only
2026-07-23T18:36:12.034+08:00  WARN 7 --- [run.halo.app.core.extension.reconciler.PostReconciler-t-1] io.r2dbc.h2.H2Connection                 : Option{name='readOnly', sensitive=false} + isn't supported in H2 at the transaction level. You must set it on conenction URL. See http://www.h2database.com/html/features.html#read_only
2026-07-23T18:36:12.079+08:00  WARN 7 --- [run.halo.app.core.extension.reconciler.PostReconciler-t-1] io.r2dbc.h2.H2Connection                 : Option{name='readOnly', sensitive=false} + isn't supported in H2 at the transaction level. You must set it on conenction URL. See http://www.h2database.com/html/features.html#read_only
2026-07-23T18:36:12.124+08:00  WARN 7 --- [run.halo.app.core.extension.reconciler.PostReconciler-t-1] io.r2dbc.h2.H2Connection                 : Option{name='readOnly', sensitive=false} + isn't supported in H2 at the transaction level. You must set it on conenction URL. See http://www.h2database.com/html/features.html#read_only
2026-07-23T18:36:12.154+08:00  WARN 7 --- [run.halo.app.core.extension.reconciler.PostReconciler-t-1] io.r2dbc.h2.H2Connection                 : Option{name='readOnly', sensitive=false} + isn't supported in H2 at the transaction level. You must set it on conenction URL. See http://www.h2database.com/html/features.html#read_only
2026-07-23T18:36:12.159+08:00  WARN 7 --- [run.halo.app.core.extension.reconciler.SinglePageReconciler-t-1] r.h.a.e.controller.DefaultController     : Optimistic locking failure when reconciling request: run.halo.app.core.extension.reconciler.SinglePageReconciler-worker-1/Request[name=373a5f79-f44f-441a-9df1-85a4f553ece8]
2026-07-23T18:36:12.162+08:00  WARN 7 --- [run.halo.app.core.extension.reconciler.PostReconciler-t-1] io.r2dbc.h2.H2Connection                 : Option{name='readOnly', sensitive=false} + isn't supported in H2 at the transaction level. You must set it on conenction URL. See http://www.h2database.com/html/features.html#read_only
2026-07-23T18:36:12.188+08:00  WARN 7 --- [run.halo.app.core.extension.reconciler.PostReconciler-t-1] io.r2dbc.h2.H2Connection                 : Option{name='readOnly', sensitive=false} + isn't supported in H2 at the transaction level. You must set it on conenction URL. See http://www.h2database.com/html/features.html#read_only
2026-07-23T18:36:12.201+08:00  WARN 7 --- [run.halo.app.core.extension.reconciler.PostReconciler-t-1] io.r2dbc.h2.H2Connection                 : Option{name='readOnly', sensitive=false} + isn't supported in H2 at the transaction level. You must set it on conenction URL. See http://www.h2database.com/html/features.html#read_only
2026-07-23T18:36:12.231+08:00  WARN 7 --- [run.halo.app.core.extension.reconciler.SinglePageReconciler-t-1] io.r2dbc.h2.H2Connection                 : Option{name='readOnly', sensitive=false} + isn't supported in H2 at the transaction level. You must set it on conenction URL. See http://www.h2database.com/html/features.html#read_only
2026-07-23T18:36:12.237+08:00  WARN 7 --- [run.halo.app.core.extension.reconciler.PostReconciler-t-1] r.h.a.e.controller.DefaultController     : Optimistic locking failure when reconciling request: run.halo.app.core.extension.reconciler.PostReconciler-worker-1/Request[name=5152aea5-c2e8-4717-8bba-2263d46e19d5]
2026-07-23T18:36:12.244+08:00  WARN 7 --- [run.halo.app.core.extension.reconciler.SinglePageReconciler-t-1] io.r2dbc.h2.H2Connection                 : Option{name='readOnly', sensitive=false} + isn't supported in H2 at the transaction level. You must set it on conenction URL. See http://www.h2database.com/html/features.html#read_only
2026-07-23T18:36:12.275+08:00  WARN 7 --- [run.halo.app.core.extension.reconciler.SinglePageReconciler-t-1] io.r2dbc.h2.H2Connection                 : Option{name='readOnly', sensitive=false} + isn't supported in H2 at the transaction level. You must set it on conenction URL. See http://www.h2database.com/html/features.html#read_only
2026-07-23T18:36:12.319+08:00  WARN 7 --- [run.halo.app.core.extension.reconciler.SinglePageReconciler-t-1] io.r2dbc.h2.H2Connection                 : Option{name='readOnly', sensitive=false} + isn't supported in H2 at the transaction level. You must set it on conenction URL. See http://www.h2database.com/html/features.html#read_only
2026-07-23T18:36:12.491+08:00  WARN 7 --- [run.halo.app.core.extension.reconciler.SinglePageReconciler-t-1] io.r2dbc.h2.H2Connection                 : Option{name='readOnly', sensitive=false} + isn't supported in H2 at the transaction level. You must set it on conenction URL. See http://www.h2database.com/html/features.html#read_only
2026-07-23T18:36:12.505+08:00  WARN 7 --- [run.halo.app.core.extension.reconciler.SinglePageReconciler-t-1] io.r2dbc.h2.H2Connection                 : Option{name='readOnly', sensitive=false} + isn't supported in H2 at the transaction level. You must set it on conenction URL. See http://www.h2database.com/html/features.html#read_only
2026-07-23T18:36:12.515+08:00  WARN 7 --- [run.halo.app.core.extension.reconciler.SinglePageReconciler-t-1] io.r2dbc.h2.H2Connection                 : Option{name='readOnly', sensitive=false} + isn't supported in H2 at the transaction level. You must set it on conenction URL. See http://www.h2database.com/html/features.html#read_only
2026-07-23T18:36:12.531+08:00  WARN 7 --- [run.halo.app.core.extension.reconciler.SinglePageReconciler-t-1] io.r2dbc.h2.H2Connection                 : Option{name='readOnly', sensitive=false} + isn't supported in H2 at the transaction level. You must set it on conenction URL. See http://www.h2database.com/html/features.html#read_only
2026-07-23T18:36:12.559+08:00  WARN 7 --- [run.halo.app.core.extension.reconciler.SinglePageReconciler-t-1] io.r2dbc.h2.H2Connection                 : Option{name='readOnly', sensitive=false} + isn't supported in H2 at the transaction level. You must set it on conenction URL. See http://www.h2database.com/html/features.html#read_only
2026-07-23T18:36:12.647+08:00  WARN 7 --- [run.halo.app.core.extension.reconciler.SinglePageReconciler-t-1] io.r2dbc.h2.H2Connection                 : Option{name='readOnly', sensitive=false} + isn't supported in H2 at the transaction level. You must set it on conenction URL. See http://www.h2database.com/html/features.html#read_only
2026-07-23T18:36:12.704+08:00  WARN 7 --- [run.halo.app.core.extension.reconciler.SinglePageReconciler-t-1] io.r2dbc.h2.H2Connection                 : Option{name='readOnly', sensitive=false} + isn't supported in H2 at the transaction level. You must set it on conenction URL. See http://www.h2database.com/html/features.html#read_only
2026-07-23T18:36:12.732+08:00  WARN 7 --- [run.halo.app.core.extension.reconciler.SinglePageReconciler-t-1] io.r2dbc.h2.H2Connection                 : Option{name='readOnly', sensitive=false} + isn't supported in H2 at the transaction level. You must set it on conenction URL. See http://www.h2database.com/html/features.html#read_only
2026-07-23T18:36:12.744+08:00  WARN 7 --- [run.halo.app.core.extension.reconciler.SinglePageReconciler-t-1] io.r2dbc.h2.H2Connection                 : Option{name='readOnly', sensitive=false} + isn't supported in H2 at the transaction level. You must set it on conenction URL. See http://www.h2database.com/html/features.html#read_only
2026-07-23T18:36:12.998+08:00  WARN 7 --- [run.halo.app.core.extension.reconciler.SinglePageReconciler-t-1] io.r2dbc.h2.H2Connection                 : Option{name='readOnly', sensitive=false} + isn't supported in H2 at the transaction level. You must set it on conenction URL. See http://www.h2database.com/html/features.html#read_only
2026-07-23T18:36:13.050+08:00  WARN 7 --- [run.halo.app.core.extension.reconciler.SinglePageReconciler-t-1] io.r2dbc.h2.H2Connection                 : Option{name='readOnly', sensitive=false} + isn't supported in H2 at the transaction level. You must set it on conenction URL. See http://www.h2database.com/html/features.html#read_only
2026-07-23T18:36:13.255+08:00  WARN 7 --- [run.halo.app.core.extension.reconciler.SinglePageReconciler-t-1] io.r2dbc.h2.H2Connection                 : Option{name='readOnly', sensitive=false} + isn't supported in H2 at the transaction level. You must set it on conenction URL. See http://www.h2database.com/html/features.html#read_only
2026-07-23T18:36:13.291+08:00  WARN 7 --- [run.halo.app.core.extension.reconciler.SinglePageReconciler-t-1] io.r2dbc.h2.H2Connection                 : Option{name='readOnly', sensitive=false} + isn't supported in H2 at the transaction level. You must set it on conenction URL. See http://www.h2database.com/html/features.html#read_only
2026-07-23T18:36:13.314+08:00  WARN 7 --- [run.halo.app.core.extension.reconciler.SinglePageReconciler-t-1] io.r2dbc.h2.H2Connection                 : Option{name='readOnly', sensitive=false} + isn't supported in H2 at the transaction level. You must set it on conenction URL. See http://www.h2database.com/html/features.html#read_only
2026-07-23T18:36:13.324+08:00  WARN 7 --- [run.halo.app.core.extension.reconciler.SinglePageReconciler-t-1] io.r2dbc.h2.H2Connection                 : Option{name='readOnly', sensitive=false} + isn't supported in H2 at the transaction level. You must set it on conenction URL. See http://www.h2database.com/html/features.html#read_only
2026-07-23T18:36:13.703+08:00  WARN 7 --- [boundedElastic-2] io.r2dbc.h2.H2Connection                 : Option{name='readOnly', sensitive=false} + isn't supported in H2 at the transaction level. You must set it on conenction URL. See http://www.h2database.com/html/features.html#read_only
2026-07-23T18:36:13.767+08:00  INFO 7 --- [run.halo.app.core.extension.reconciler.PluginReconciler-t-1] r.h.a.c.e.reconciler.PluginReconciler    : Loading plugin app-store-integration from file:///root/.halo2/plugins/app-store-integration-1.4.0.jar
2026-07-23T18:36:13.820+08:00  WARN 7 --- [reactor-http-epoll-3] io.r2dbc.h2.H2Connection                 : Option{name='readOnly', sensitive=false} + isn't supported in H2 at the transaction level. You must set it on conenction URL. See http://www.h2database.com/html/features.html#read_only
2026-07-23T18:36:13.837+08:00  INFO 7 --- [run.halo.app.core.extension.reconciler.PluginReconciler-t-1] org.pf4j.AbstractPluginManager           : Plugin 'app-store-integration@1.4.0' resolved
2026-07-23T18:36:13.861+08:00  INFO 7 --- [run.halo.app.core.extension.reconciler.PluginReconciler-t-1] r.h.a.c.e.reconciler.PluginReconciler    : Loaded plugin app-store-integration from file:///root/.halo2/plugins/app-store-integration-1.4.0.jar
2026-07-23T18:36:13.862+08:00  INFO 7 --- [run.halo.app.core.extension.reconciler.PluginReconciler-t-1] r.h.a.c.e.reconciler.PluginReconciler    : Initializing setting and config map for plugin app-store-integration
2026-07-23T18:36:13.901+08:00  WARN 7 --- [run.halo.app.core.extension.reconciler.PluginReconciler-t-1] io.r2dbc.h2.H2Connection                 : Option{name='readOnly', sensitive=false} + isn't supported in H2 at the transaction level. You must set it on conenction URL. See http://www.h2database.com/html/features.html#read_only
2026-07-23T18:36:13.909+08:00  INFO 7 --- [run.halo.app.core.extension.reconciler.PluginReconciler-t-1] r.h.a.c.e.reconciler.PluginReconciler    : Initialized setting plugin-app-store-integration-setting for plugin app-store-integration
2026-07-23T18:36:13.921+08:00  WARN 7 --- [run.halo.app.core.extension.reconciler.PluginReconciler-t-1] io.r2dbc.h2.H2Connection                 : Option{name='readOnly', sensitive=false} + isn't supported in H2 at the transaction level. You must set it on conenction URL. See http://www.h2database.com/html/features.html#read_only
2026-07-23T18:36:13.928+08:00  INFO 7 --- [run.halo.app.core.extension.reconciler.PluginReconciler-t-1] r.h.a.c.e.reconciler.PluginReconciler    : Initialized config map plugin-app-store-integration-configmap for plugin app-store-integration
2026-07-23T18:36:13.948+08:00  WARN 7 --- [run.halo.app.core.extension.reconciler.PluginReconciler-t-1] io.r2dbc.h2.H2Connection                 : Option{name='readOnly', sensitive=false} + isn't supported in H2 at the transaction level. You must set it on conenction URL. See http://www.h2database.com/html/features.html#read_only
2026-07-23T18:36:13.963+08:00  INFO 7 --- [run.halo.app.core.extension.reconciler.PluginReconciler-t-1] r.h.a.c.e.reconciler.PluginReconciler    : Resolving logo resource for plugin app-store-integration
2026-07-23T18:36:13.970+08:00  INFO 7 --- [run.halo.app.core.extension.reconciler.PluginReconciler-t-1] r.h.a.c.e.reconciler.PluginReconciler    : Resolving main.js and style.css for plugin app-store-integration
2026-07-23T18:36:13.980+08:00  INFO 7 --- [run.halo.app.core.extension.reconciler.PluginReconciler-t-1] org.pf4j.AbstractPluginManager           : Disabled plugin 'app-store-integration@1.4.0'
2026-07-23T18:36:13.997+08:00  WARN 7 --- [run.halo.app.core.extension.reconciler.PluginReconciler-t-1] io.r2dbc.h2.H2Connection                 : Option{name='readOnly', sensitive=false} + isn't supported in H2 at the transaction level. You must set it on conenction URL. See http://www.h2database.com/html/features.html#read_only
2026-07-23T18:36:14.013+08:00  WARN 7 --- [run.halo.app.core.extension.reconciler.PluginReconciler-t-1] io.r2dbc.h2.H2Connection                 : Option{name='readOnly', sensitive=false} + isn't supported in H2 at the transaction level. You must set it on conenction URL. See http://www.h2database.com/html/features.html#read_only
2026-07-23T18:36:14.024+08:00  WARN 7 --- [run.halo.app.core.extension.reconciler.PluginReconciler-t-1] r.h.a.e.controller.DefaultController     : Optimistic locking failure when reconciling request: run.halo.app.core.extension.reconciler.PluginReconciler-worker-1/Request[name=app-store-integration]
2026-07-23T18:36:14.036+08:00  INFO 7 --- [run.halo.app.core.extension.reconciler.PluginReconciler-t-1] r.h.a.c.e.reconciler.PluginReconciler    : Initializing setting and config map for plugin app-store-integration
2026-07-23T18:36:14.061+08:00  INFO 7 --- [run.halo.app.core.extension.reconciler.PluginReconciler-t-1] r.h.a.c.e.reconciler.PluginReconciler    : Initialized setting plugin-app-store-integration-setting for plugin app-store-integration
2026-07-23T18:36:14.069+08:00  INFO 7 --- [run.halo.app.core.extension.reconciler.PluginReconciler-t-1] r.h.a.c.e.reconciler.PluginReconciler    : Initialized config map plugin-app-store-integration-configmap for plugin app-store-integration
2026-07-23T18:36:14.086+08:00  WARN 7 --- [run.halo.app.core.extension.reconciler.PluginReconciler-t-1] io.r2dbc.h2.H2Connection                 : Option{name='readOnly', sensitive=false} + isn't supported in H2 at the transaction level. You must set it on conenction URL. See http://www.h2database.com/html/features.html#read_only
2026-07-23T18:36:14.098+08:00  INFO 7 --- [run.halo.app.core.extension.reconciler.PluginReconciler-t-1] r.h.a.c.e.reconciler.PluginReconciler    : Resolving logo resource for plugin app-store-integration
2026-07-23T18:36:14.100+08:00  INFO 7 --- [run.halo.app.core.extension.reconciler.PluginReconciler-t-1] r.h.a.c.e.reconciler.PluginReconciler    : Resolving main.js and style.css for plugin app-store-integration
2026-07-23T18:36:14.103+08:00  INFO 7 --- [run.halo.app.core.extension.reconciler.PluginReconciler-t-1] r.h.a.c.e.reconciler.PluginReconciler    : Starting plugin app-store-integration
2026-07-23T18:36:14.113+08:00  INFO 7 --- [run.halo.app.core.extension.reconciler.PluginReconciler-t-1] org.pf4j.AbstractPluginManager           : Enabled plugin 'app-store-integration@1.4.0'
2026-07-23T18:36:14.114+08:00  INFO 7 --- [run.halo.app.core.extension.reconciler.PluginReconciler-t-1] org.pf4j.AbstractPluginManager           : Start plugin 'app-store-integration@1.4.0'
2026-07-23T18:36:14.126+08:00  WARN 7 --- [run.halo.app.core.extension.reconciler.ReverseProxyReconciler-t-1] io.r2dbc.h2.H2Connection                 : Option{name='readOnly', sensitive=false} + isn't supported in H2 at the transaction level. You must set it on conenction URL. See http://www.h2database.com/html/features.html#read_only
2026-07-23T18:36:14.148+08:00  INFO 7 --- [run.halo.app.core.extension.reconciler.PluginReconciler-t-1] run.halo.app.plugin.SpringPlugin         : Preparing starting plugin app-store-integration
2026-07-23T18:36:14.396+08:00  INFO 7 --- [run.halo.app.core.extension.reconciler.PluginReconciler-t-1] run.halo.app.plugin.SpringPlugin         : Application context run.halo.app.plugin.PluginApplicationContext@e9a8cfae, started on Thu Jul 23 18:36:14 CST 2026, parent: org.springframework.context.support.GenericApplicationContext@460ea910 for plugin app-store-integration is created
2026-07-23T18:36:14.399+08:00  INFO 7 --- [run.halo.app.core.extension.reconciler.PluginReconciler-t-1] run.halo.app.plugin.SpringPlugin         : Before publishing plugin starting event for plugin app-store-integration
2026-07-23T18:36:14.399+08:00  INFO 7 --- [run.halo.app.core.extension.reconciler.PluginReconciler-t-1] run.halo.app.plugin.SpringPlugin         : After publishing plugin starting event for plugin app-store-integration
2026-07-23T18:36:14.400+08:00  INFO 7 --- [run.halo.app.core.extension.reconciler.PluginReconciler-t-1] run.halo.app.plugin.SpringPlugin         : Starting run.halo.appstore.AppStorePlugin@e2317d1d for plugin app-store-integration
2026-07-23T18:36:14.470+08:00  INFO 7 --- [run.halo.app.core.extension.reconciler.PluginReconciler-t-1] r.h.a.e.index.IndexerFactoryImpl         : Start building index for type: /registry/license.halo.run/activations, please wait...
2026-07-23T18:36:14.471+08:00  INFO 7 --- [run.halo.app.core.extension.reconciler.PluginReconciler-t-1] r.h.a.e.index.IndexerFactoryImpl         : Index for type: /registry/license.halo.run/activations built successfully, cost 1 ms
2026-07-23T18:36:14.481+08:00  INFO 7 --- [run.halo.app.core.extension.reconciler.PluginReconciler-t-1] run.halo.app.plugin.SpringPlugin         : Started run.halo.appstore.AppStorePlugin@e2317d1d for plugin app-store-integration
2026-07-23T18:36:14.482+08:00  INFO 7 --- [run.halo.app.core.extension.reconciler.PluginReconciler-t-1] run.halo.app.plugin.SpringPlugin         : Before publishing plugin started event for plugin app-store-integration
2026-07-23T18:36:14.488+08:00  INFO 7 --- [run.halo.app.core.extension.reconciler.PluginReconciler-t-1] r.h.a.e.controller.DefaultController     : Starting controller run.halo.app.plugin.DefaultReactiveSettingFetcher
2026-07-23T18:36:14.491+08:00  INFO 7 --- [run.halo.app.core.extension.reconciler.PluginReconciler-t-1] r.h.a.e.controller.DefaultController     : Starting controller run.halo.appstore.license.ActivationReconciler
2026-07-23T18:36:14.496+08:00  INFO 7 --- [run.halo.appstore.license.ActivationReconciler-t-1] r.h.a.e.controller.DefaultController     : Controller worker run.halo.appstore.license.ActivationReconciler-worker-1 started
2026-07-23T18:36:14.497+08:00  INFO 7 --- [run.halo.appstore.license.ActivationReconciler-t-1] r.h.a.e.controller.RequestSynchronizer   : Starting request(license.halo.run/v1alpha1/Activation) synchronizer...
2026-07-23T18:36:14.498+08:00  INFO 7 --- [run.halo.appstore.license.ActivationReconciler-t-1] r.h.a.e.controller.RequestSynchronizer   : Started request(license.halo.run/v1alpha1/Activation) synchronizer.
2026-07-23T18:36:14.503+08:00  INFO 7 --- [run.halo.app.plugin.DefaultReactiveSettingFetcher-t-1] r.h.a.e.controller.DefaultController     : Controller worker run.halo.app.plugin.DefaultReactiveSettingFetcher-worker-1 started
2026-07-23T18:36:14.503+08:00  INFO 7 --- [run.halo.app.plugin.DefaultReactiveSettingFetcher-t-1] r.h.a.e.controller.RequestSynchronizer   : Starting request(v1alpha1/ConfigMap) synchronizer...
2026-07-23T18:36:14.504+08:00  INFO 7 --- [run.halo.app.plugin.DefaultReactiveSettingFetcher-t-1] r.h.a.e.controller.RequestSynchronizer   : Started request(v1alpha1/ConfigMap) synchronizer.
2026-07-23T18:36:14.535+08:00  WARN 7 --- [run.halo.app.core.extension.reconciler.PluginReconciler-t-1] io.r2dbc.h2.H2Connection                 : Option{name='readOnly', sensitive=false} + isn't supported in H2 at the transaction level. You must set it on conenction URL. See http://www.h2database.com/html/features.html#read_only
2026-07-23T18:36:14.542+08:00  INFO 7 --- [run.halo.app.core.extension.reconciler.PluginReconciler-t-1] run.halo.app.plugin.SpringPlugin         : After publishing plugin started event for plugin app-store-integration
2026-07-23T18:36:14.542+08:00  INFO 7 --- [run.halo.app.core.extension.reconciler.PluginReconciler-t-1] r.h.a.c.e.reconciler.PluginReconciler    : Started plugin app-store-integration
2026-07-23T18:36:14.556+08:00  WARN 7 --- [run.halo.app.core.extension.reconciler.PluginReconciler-t-1] io.r2dbc.h2.H2Connection                 : Option{name='readOnly', sensitive=false} + isn't supported in H2 at the transaction level. You must set it on conenction URL. See http://www.h2database.com/html/features.html#read_only
2026-07-23T18:36:14.583+08:00  WARN 7 --- [run.halo.app.core.extension.reconciler.RoleReconciler-t-1] io.r2dbc.h2.H2Connection                 : Option{name='readOnly', sensitive=false} + isn't supported in H2 at the transaction level. You must set it on conenction URL. See http://www.h2database.com/html/features.html#read_only
2026-07-23T18:36:14.588+08:00  INFO 7 --- [run.halo.app.core.extension.reconciler.PluginReconciler-t-1] r.h.a.c.e.reconciler.PluginReconciler    : Initializing setting and config map for plugin app-store-integration
2026-07-23T18:36:14.615+08:00  INFO 7 --- [run.halo.app.core.extension.reconciler.PluginReconciler-t-1] r.h.a.c.e.reconciler.PluginReconciler    : Initialized setting plugin-app-store-integration-setting for plugin app-store-integration
2026-07-23T18:36:14.632+08:00  INFO 7 --- [run.halo.app.core.extension.reconciler.PluginReconciler-t-1] r.h.a.c.e.reconciler.PluginReconciler    : Initialized config map plugin-app-store-integration-configmap for plugin app-store-integration
2026-07-23T18:36:14.647+08:00  WARN 7 --- [run.halo.app.core.extension.reconciler.PluginReconciler-t-1] io.r2dbc.h2.H2Connection                 : Option{name='readOnly', sensitive=false} + isn't supported in H2 at the transaction level. You must set it on conenction URL. See http://www.h2database.com/html/features.html#read_only
2026-07-23T18:36:14.656+08:00  INFO 7 --- [run.halo.app.core.extension.reconciler.PluginReconciler-t-1] r.h.a.c.e.reconciler.PluginReconciler    : Resolving logo resource for plugin app-store-integration
2026-07-23T18:36:14.657+08:00  INFO 7 --- [run.halo.app.core.extension.reconciler.PluginReconciler-t-1] r.h.a.c.e.reconciler.PluginReconciler    : Resolving main.js and style.css for plugin app-store-integration
2026-07-23T18:36:14.659+08:00  INFO 7 --- [run.halo.app.core.extension.reconciler.PluginReconciler-t-1] r.h.a.c.e.reconciler.PluginReconciler    : Starting plugin app-store-integration
2026-07-23T18:36:14.659+08:00  INFO 7 --- [run.halo.app.core.extension.reconciler.PluginReconciler-t-1] r.h.a.c.e.reconciler.PluginReconciler    : Started plugin app-store-integration
2026-07-23T18:36:14.672+08:00  WARN 7 --- [run.halo.app.core.extension.reconciler.PluginReconciler-t-1] io.r2dbc.h2.H2Connection                 : Option{name='readOnly', sensitive=false} + isn't supported in H2 at the transaction level. You must set it on conenction URL. See http://www.h2database.com/html/features.html#read_only
2026-07-23T18:36:14.693+08:00  WARN 7 --- [run.halo.app.core.extension.reconciler.ReverseProxyReconciler-t-1] io.r2dbc.h2.H2Connection                 : Option{name='readOnly', sensitive=false} + isn't supported in H2 at the transaction level. You must set it on conenction URL. See http://www.h2database.com/html/features.html#read_only
2026-07-23T18:36:15.546+08:00  INFO 7 --- [parallel-2] r.h.a.c.e.s.impl.PluginServiceImpl       : Plugin app-store-integration met expected state STARTED
2026-07-23T18:36:15.663+08:00  WARN 7 --- [boundedElastic-2] io.r2dbc.h2.H2Connection                 : Option{name='readOnly', sensitive=false} + isn't supported in H2 at the transaction level. You must set it on conenction URL. See http://www.h2database.com/html/features.html#read_only
2026-07-23T18:36:15.679+08:00  INFO 7 --- [run.halo.app.core.extension.reconciler.PluginReconciler-t-1] r.h.a.c.e.reconciler.PluginReconciler    : Loading plugin PluginCommentWidget from file:///root/.halo2/plugins/PluginCommentWidget-2.4.0.jar
2026-07-23T18:36:15.685+08:00  INFO 7 --- [run.halo.app.core.extension.reconciler.PluginReconciler-t-1] org.pf4j.AbstractPluginManager           : Plugin 'PluginCommentWidget@2.4.0' resolved
2026-07-23T18:36:15.686+08:00  INFO 7 --- [run.halo.app.core.extension.reconciler.PluginReconciler-t-1] r.h.a.c.e.reconciler.PluginReconciler    : Loaded plugin PluginCommentWidget from file:///root/.halo2/plugins/PluginCommentWidget-2.4.0.jar
2026-07-23T18:36:15.687+08:00  INFO 7 --- [run.halo.app.core.extension.reconciler.PluginReconciler-t-1] r.h.a.c.e.reconciler.PluginReconciler    : Initializing setting and config map for plugin PluginCommentWidget
2026-07-23T18:36:15.702+08:00  WARN 7 --- [run.halo.app.core.extension.reconciler.PluginReconciler-t-1] io.r2dbc.h2.H2Connection                 : Option{name='readOnly', sensitive=false} + isn't supported in H2 at the transaction level. You must set it on conenction URL. See http://www.h2database.com/html/features.html#read_only
2026-07-23T18:36:15.737+08:00  INFO 7 --- [run.halo.app.core.extension.reconciler.PluginReconciler-t-1] r.h.a.c.e.reconciler.PluginReconciler    : Initialized setting plugin-comment-widget-settings for plugin PluginCommentWidget
2026-07-23T18:36:15.746+08:00  WARN 7 --- [reactor-http-epoll-3] io.r2dbc.h2.H2Connection                 : Option{name='readOnly', sensitive=false} + isn't supported in H2 at the transaction level. You must set it on conenction URL. See http://www.h2database.com/html/features.html#read_only
2026-07-23T18:36:15.758+08:00  INFO 7 --- [run.halo.app.core.extension.reconciler.PluginReconciler-t-1] r.h.a.c.e.reconciler.PluginReconciler    : Initialized config map plugin-comment-widget-configmap for plugin PluginCommentWidget
2026-07-23T18:36:15.760+08:00  WARN 7 --- [reactor-http-epoll-3] io.r2dbc.h2.H2Connection                 : Option{name='readOnly', sensitive=false} + isn't supported in H2 at the transaction level. You must set it on conenction URL. See http://www.h2database.com/html/features.html#read_only
2026-07-23T18:36:15.774+08:00  WARN 7 --- [run.halo.app.core.extension.reconciler.PluginReconciler-t-1] io.r2dbc.h2.H2Connection                 : Option{name='readOnly', sensitive=false} + isn't supported in H2 at the transaction level. You must set it on conenction URL. See http://www.h2database.com/html/features.html#read_only
2026-07-23T18:36:15.782+08:00  INFO 7 --- [run.halo.app.core.extension.reconciler.PluginReconciler-t-1] r.h.a.c.e.reconciler.PluginReconciler    : Resolving logo resource for plugin PluginCommentWidget
2026-07-23T18:36:15.783+08:00  INFO 7 --- [run.halo.app.core.extension.reconciler.PluginReconciler-t-1] r.h.a.c.e.reconciler.PluginReconciler    : Resolving main.js and style.css for plugin PluginCommentWidget
2026-07-23T18:36:15.787+08:00  INFO 7 --- [run.halo.app.core.extension.reconciler.PluginReconciler-t-1] org.pf4j.AbstractPluginManager           : Disabled plugin 'PluginCommentWidget@2.4.0'
2026-07-23T18:36:15.796+08:00  WARN 7 --- [run.halo.app.core.extension.reconciler.ReverseProxyReconciler-t-1] io.r2dbc.h2.H2Connection                 : Option{name='readOnly', sensitive=false} + isn't supported in H2 at the transaction level. You must set it on conenction URL. See http://www.h2database.com/html/features.html#read_only
2026-07-23T18:36:15.802+08:00  WARN 7 --- [run.halo.app.core.extension.reconciler.PluginReconciler-t-1] r.h.a.e.controller.DefaultController     : Optimistic locking failure when reconciling request: run.halo.app.core.extension.reconciler.PluginReconciler-worker-1/Request[name=PluginCommentWidget]
2026-07-23T18:36:15.835+08:00  WARN 7 --- [run.halo.app.core.extension.reconciler.ReverseProxyReconciler-t-1] io.r2dbc.h2.H2Connection                 : Option{name='readOnly', sensitive=false} + isn't supported in H2 at the transaction level. You must set it on conenction URL. See http://www.h2database.com/html/features.html#read_only
2026-07-23T18:36:15.847+08:00  INFO 7 --- [run.halo.app.core.extension.reconciler.PluginReconciler-t-1] r.h.a.c.e.reconciler.PluginReconciler    : Initializing setting and config map for plugin PluginCommentWidget
2026-07-23T18:36:15.868+08:00  INFO 7 --- [run.halo.app.core.extension.reconciler.PluginReconciler-t-1] r.h.a.c.e.reconciler.PluginReconciler    : Initialized setting plugin-comment-widget-settings for plugin PluginCommentWidget
2026-07-23T18:36:15.875+08:00  INFO 7 --- [run.halo.app.core.extension.reconciler.PluginReconciler-t-1] r.h.a.c.e.reconciler.PluginReconciler    : Initialized config map plugin-comment-widget-configmap for plugin PluginCommentWidget
2026-07-23T18:36:15.886+08:00  WARN 7 --- [run.halo.app.core.extension.reconciler.PluginReconciler-t-1] io.r2dbc.h2.H2Connection                 : Option{name='readOnly', sensitive=false} + isn't supported in H2 at the transaction level. You must set it on conenction URL. See http://www.h2database.com/html/features.html#read_only
2026-07-23T18:36:15.893+08:00  INFO 7 --- [run.halo.app.core.extension.reconciler.PluginReconciler-t-1] r.h.a.c.e.reconciler.PluginReconciler    : Resolving logo resource for plugin PluginCommentWidget
2026-07-23T18:36:15.894+08:00  INFO 7 --- [run.halo.app.core.extension.reconciler.PluginReconciler-t-1] r.h.a.c.e.reconciler.PluginReconciler    : Resolving main.js and style.css for plugin PluginCommentWidget
2026-07-23T18:36:15.895+08:00  INFO 7 --- [run.halo.app.core.extension.reconciler.PluginReconciler-t-1] r.h.a.c.e.reconciler.PluginReconciler    : Starting plugin PluginCommentWidget
2026-07-23T18:36:15.898+08:00  INFO 7 --- [run.halo.app.core.extension.reconciler.PluginReconciler-t-1] org.pf4j.AbstractPluginManager           : Enabled plugin 'PluginCommentWidget@2.4.0'
2026-07-23T18:36:15.898+08:00  INFO 7 --- [run.halo.app.core.extension.reconciler.PluginReconciler-t-1] org.pf4j.AbstractPluginManager           : Start plugin 'PluginCommentWidget@2.4.0'
2026-07-23T18:36:15.902+08:00  INFO 7 --- [run.halo.app.core.extension.reconciler.PluginReconciler-t-1] run.halo.app.plugin.SpringPlugin         : Preparing starting plugin PluginCommentWidget
2026-07-23T18:36:15.929+08:00  WARN 7 --- [run.halo.app.core.extension.reconciler.ReverseProxyReconciler-t-1] io.r2dbc.h2.H2Connection                 : Option{name='readOnly', sensitive=false} + isn't supported in H2 at the transaction level. You must set it on conenction URL. See http://www.h2database.com/html/features.html#read_only
2026-07-23T18:36:16.019+08:00  INFO 7 --- [run.halo.app.core.extension.reconciler.PluginReconciler-t-1] run.halo.app.plugin.SpringPlugin         : Application context run.halo.app.plugin.PluginApplicationContext@7c05fb3, started on Thu Jul 23 18:36:15 CST 2026, parent: org.springframework.context.support.GenericApplicationContext@460ea910 for plugin PluginCommentWidget is created
2026-07-23T18:36:16.021+08:00  INFO 7 --- [run.halo.app.core.extension.reconciler.PluginReconciler-t-1] run.halo.app.plugin.SpringPlugin         : Before publishing plugin starting event for plugin PluginCommentWidget
2026-07-23T18:36:16.021+08:00  INFO 7 --- [run.halo.app.core.extension.reconciler.PluginReconciler-t-1] run.halo.app.plugin.SpringPlugin         : After publishing plugin starting event for plugin PluginCommentWidget
2026-07-23T18:36:16.022+08:00  INFO 7 --- [run.halo.app.core.extension.reconciler.PluginReconciler-t-1] run.halo.app.plugin.SpringPlugin         : Starting run.halo.comment.widget.CommentWidgetPlugin@140214f6 for plugin PluginCommentWidget
2026-07-23T18:36:16.023+08:00  INFO 7 --- [run.halo.app.core.extension.reconciler.PluginReconciler-t-1] run.halo.app.plugin.SpringPlugin         : Started run.halo.comment.widget.CommentWidgetPlugin@140214f6 for plugin PluginCommentWidget
2026-07-23T18:36:16.023+08:00  INFO 7 --- [run.halo.app.core.extension.reconciler.PluginReconciler-t-1] run.halo.app.plugin.SpringPlugin         : Before publishing plugin started event for plugin PluginCommentWidget
2026-07-23T18:36:16.024+08:00  INFO 7 --- [run.halo.app.core.extension.reconciler.PluginReconciler-t-1] r.h.a.e.controller.DefaultController     : Starting controller run.halo.app.plugin.DefaultReactiveSettingFetcher
2026-07-23T18:36:16.033+08:00  INFO 7 --- [run.halo.app.plugin.DefaultReactiveSettingFetcher-t-1] r.h.a.e.controller.DefaultController     : Controller worker run.halo.app.plugin.DefaultReactiveSettingFetcher-worker-1 started
2026-07-23T18:36:16.034+08:00  INFO 7 --- [run.halo.app.plugin.DefaultReactiveSettingFetcher-t-1] r.h.a.e.controller.RequestSynchronizer   : Starting request(v1alpha1/ConfigMap) synchronizer...
2026-07-23T18:36:16.035+08:00  INFO 7 --- [run.halo.app.plugin.DefaultReactiveSettingFetcher-t-1] r.h.a.e.controller.RequestSynchronizer   : Started request(v1alpha1/ConfigMap) synchronizer.
2026-07-23T18:36:16.060+08:00  WARN 7 --- [run.halo.app.core.extension.reconciler.PluginReconciler-t-1] io.r2dbc.h2.H2Connection                 : Option{name='readOnly', sensitive=false} + isn't supported in H2 at the transaction level. You must set it on conenction URL. See http://www.h2database.com/html/features.html#read_only
2026-07-23T18:36:16.066+08:00  WARN 7 --- [run.halo.app.core.extension.reconciler.PluginReconciler-t-1] io.r2dbc.h2.H2Connection                 : Option{name='readOnly', sensitive=false} + isn't supported in H2 at the transaction level. You must set it on conenction URL. See http://www.h2database.com/html/features.html#read_only
2026-07-23T18:36:16.075+08:00  WARN 7 --- [run.halo.app.core.extension.reconciler.PluginReconciler-t-1] io.r2dbc.h2.H2Connection                 : Option{name='readOnly', sensitive=false} + isn't supported in H2 at the transaction level. You must set it on conenction URL. See http://www.h2database.com/html/features.html#read_only
2026-07-23T18:36:16.091+08:00  INFO 7 --- [run.halo.app.core.extension.reconciler.PluginReconciler-t-1] run.halo.app.plugin.SpringPlugin         : After publishing plugin started event for plugin PluginCommentWidget
2026-07-23T18:36:16.093+08:00  INFO 7 --- [run.halo.app.core.extension.reconciler.PluginReconciler-t-1] r.h.a.c.e.reconciler.PluginReconciler    : Started plugin PluginCommentWidget
2026-07-23T18:36:16.109+08:00  WARN 7 --- [run.halo.app.core.extension.reconciler.PluginReconciler-t-1] io.r2dbc.h2.H2Connection                 : Option{name='readOnly', sensitive=false} + isn't supported in H2 at the transaction level. You must set it on conenction URL. See http://www.h2database.com/html/features.html#read_only
2026-07-23T18:36:16.124+08:00  WARN 7 --- [run.halo.app.core.extension.reconciler.PluginReconciler-t-1] io.r2dbc.h2.H2Connection                 : Option{name='readOnly', sensitive=false} + isn't supported in H2 at the transaction level. You must set it on conenction URL. See http://www.h2database.com/html/features.html#read_only
2026-07-23T18:36:16.133+08:00  WARN 7 --- [run.halo.app.core.extension.reconciler.PluginReconciler-t-1] io.r2dbc.h2.H2Connection                 : Option{name='readOnly', sensitive=false} + isn't supported in H2 at the transaction level. You must set it on conenction URL. See http://www.h2database.com/html/features.html#read_only
2026-07-23T18:36:16.154+08:00  INFO 7 --- [run.halo.app.core.extension.reconciler.PluginReconciler-t-1] r.h.a.c.e.reconciler.PluginReconciler    : Initializing setting and config map for plugin PluginCommentWidget
2026-07-23T18:36:16.168+08:00  INFO 7 --- [run.halo.app.core.extension.reconciler.PluginReconciler-t-1] r.h.a.c.e.reconciler.PluginReconciler    : Initialized setting plugin-comment-widget-settings for plugin PluginCommentWidget
2026-07-23T18:36:16.177+08:00  INFO 7 --- [run.halo.app.core.extension.reconciler.PluginReconciler-t-1] r.h.a.c.e.reconciler.PluginReconciler    : Initialized config map plugin-comment-widget-configmap for plugin PluginCommentWidget
2026-07-23T18:36:16.188+08:00  WARN 7 --- [run.halo.app.core.extension.reconciler.PluginReconciler-t-1] io.r2dbc.h2.H2Connection                 : Option{name='readOnly', sensitive=false} + isn't supported in H2 at the transaction level. You must set it on conenction URL. See http://www.h2database.com/html/features.html#read_only
2026-07-23T18:36:16.195+08:00  INFO 7 --- [run.halo.app.core.extension.reconciler.PluginReconciler-t-1] r.h.a.c.e.reconciler.PluginReconciler    : Resolving logo resource for plugin PluginCommentWidget
2026-07-23T18:36:16.196+08:00  INFO 7 --- [run.halo.app.core.extension.reconciler.PluginReconciler-t-1] r.h.a.c.e.reconciler.PluginReconciler    : Resolving main.js and style.css for plugin PluginCommentWidget
2026-07-23T18:36:16.197+08:00  INFO 7 --- [run.halo.app.core.extension.reconciler.PluginReconciler-t-1] r.h.a.c.e.reconciler.PluginReconciler    : Starting plugin PluginCommentWidget
2026-07-23T18:36:16.197+08:00  INFO 7 --- [run.halo.app.core.extension.reconciler.PluginReconciler-t-1] r.h.a.c.e.reconciler.PluginReconciler    : Started plugin PluginCommentWidget
2026-07-23T18:36:16.208+08:00  WARN 7 --- [run.halo.app.core.extension.reconciler.PluginReconciler-t-1] io.r2dbc.h2.H2Connection                 : Option{name='readOnly', sensitive=false} + isn't supported in H2 at the transaction level. You must set it on conenction URL. See http://www.h2database.com/html/features.html#read_only
2026-07-23T18:36:16.224+08:00  WARN 7 --- [run.halo.app.core.extension.reconciler.ReverseProxyReconciler-t-1] io.r2dbc.h2.H2Connection                 : Option{name='readOnly', sensitive=false} + isn't supported in H2 at the transaction level. You must set it on conenction URL. See http://www.h2database.com/html/features.html#read_only
2026-07-23T18:36:16.417+08:00  INFO 7 --- [parallel-1] r.h.a.c.e.s.impl.PluginServiceImpl       : Plugin PluginCommentWidget met expected state STARTED
2026-07-23T18:36:16.555+08:00  WARN 7 --- [boundedElastic-2] io.r2dbc.h2.H2Connection                 : Option{name='readOnly', sensitive=false} + isn't supported in H2 at the transaction level. You must set it on conenction URL. See http://www.h2database.com/html/features.html#read_only
2026-07-23T18:36:16.575+08:00  INFO 7 --- [run.halo.app.core.extension.reconciler.PluginReconciler-t-1] r.h.a.c.e.reconciler.PluginReconciler    : Loading plugin PluginFeed from file:///root/.halo2/plugins/PluginFeed-1.3.0.jar
2026-07-23T18:36:16.586+08:00  INFO 7 --- [run.halo.app.core.extension.reconciler.PluginReconciler-t-1] org.pf4j.AbstractPluginManager           : Plugin 'PluginFeed@1.3.0' resolved
2026-07-23T18:36:16.589+08:00  INFO 7 --- [run.halo.app.core.extension.reconciler.PluginReconciler-t-1] r.h.a.c.e.reconciler.PluginReconciler    : Loaded plugin PluginFeed from file:///root/.halo2/plugins/PluginFeed-1.3.0.jar
2026-07-23T18:36:16.589+08:00  INFO 7 --- [run.halo.app.core.extension.reconciler.PluginReconciler-t-1] r.h.a.c.e.reconciler.PluginReconciler    : Initializing setting and config map for plugin PluginFeed
2026-07-23T18:36:16.630+08:00  WARN 7 --- [reactor-http-epoll-3] io.r2dbc.h2.H2Connection                 : Option{name='readOnly', sensitive=false} + isn't supported in H2 at the transaction level. You must set it on conenction URL. See http://www.h2database.com/html/features.html#read_only
2026-07-23T18:36:16.636+08:00  INFO 7 --- [run.halo.app.core.extension.reconciler.PluginReconciler-t-1] r.h.a.c.e.reconciler.PluginReconciler    : Initialized setting plugin-feed-setting for plugin PluginFeed
2026-07-23T18:36:16.650+08:00  WARN 7 --- [reactor-http-epoll-3] io.r2dbc.h2.H2Connection                 : Option{name='readOnly', sensitive=false} + isn't supported in H2 at the transaction level. You must set it on conenction URL. See http://www.h2database.com/html/features.html#read_only
2026-07-23T18:36:16.659+08:00  INFO 7 --- [run.halo.app.core.extension.reconciler.PluginReconciler-t-1] r.h.a.c.e.reconciler.PluginReconciler    : Initialized config map plugin-feed-config for plugin PluginFeed
2026-07-23T18:36:16.674+08:00  WARN 7 --- [reactor-http-epoll-3] io.r2dbc.h2.H2Connection                 : Option{name='readOnly', sensitive=false} + isn't supported in H2 at the transaction level. You must set it on conenction URL. See http://www.h2database.com/html/features.html#read_only
2026-07-23T18:36:16.683+08:00  WARN 7 --- [reactor-http-epoll-3] io.r2dbc.h2.H2Connection                 : Option{name='readOnly', sensitive=false} + isn't supported in H2 at the transaction level. You must set it on conenction URL. See http://www.h2database.com/html/features.html#read_only
2026-07-23T18:36:16.685+08:00  INFO 7 --- [run.halo.app.core.extension.reconciler.PluginReconciler-t-1] r.h.a.c.e.reconciler.PluginReconciler    : Resolving logo resource for plugin PluginFeed
2026-07-23T18:36:16.686+08:00  INFO 7 --- [run.halo.app.core.extension.reconciler.PluginReconciler-t-1] r.h.a.c.e.reconciler.PluginReconciler    : Resolving main.js and style.css for plugin PluginFeed
2026-07-23T18:36:16.690+08:00  INFO 7 --- [run.halo.app.core.extension.reconciler.PluginReconciler-t-1] org.pf4j.AbstractPluginManager           : Disabled plugin 'PluginFeed@1.3.0'
2026-07-23T18:36:16.714+08:00  WARN 7 --- [reactor-http-epoll-3] io.r2dbc.h2.H2Connection                 : Option{name='readOnly', sensitive=false} + isn't supported in H2 at the transaction level. You must set it on conenction URL. See http://www.h2database.com/html/features.html#read_only
2026-07-23T18:36:16.725+08:00  WARN 7 --- [reactor-http-epoll-3] io.r2dbc.h2.H2Connection                 : Option{name='readOnly', sensitive=false} + isn't supported in H2 at the transaction level. You must set it on conenction URL. See http://www.h2database.com/html/features.html#read_only
2026-07-23T18:36:16.727+08:00  WARN 7 --- [run.halo.app.core.extension.reconciler.PluginReconciler-t-1] r.h.a.e.controller.DefaultController     : Optimistic locking failure when reconciling request: run.halo.app.core.extension.reconciler.PluginReconciler-worker-1/Request[name=PluginFeed]
2026-07-23T18:36:16.737+08:00  INFO 7 --- [run.halo.app.core.extension.reconciler.PluginReconciler-t-1] r.h.a.c.e.reconciler.PluginReconciler    : Initializing setting and config map for plugin PluginFeed
2026-07-23T18:36:16.752+08:00  INFO 7 --- [run.halo.app.core.extension.reconciler.PluginReconciler-t-1] r.h.a.c.e.reconciler.PluginReconciler    : Initialized setting plugin-feed-setting for plugin PluginFeed
2026-07-23T18:36:16.758+08:00  INFO 7 --- [run.halo.app.core.extension.reconciler.PluginReconciler-t-1] r.h.a.c.e.reconciler.PluginReconciler    : Initialized config map plugin-feed-config for plugin PluginFeed
2026-07-23T18:36:16.767+08:00  WARN 7 --- [run.halo.app.core.extension.reconciler.PluginReconciler-t-1] io.r2dbc.h2.H2Connection                 : Option{name='readOnly', sensitive=false} + isn't supported in H2 at the transaction level. You must set it on conenction URL. See http://www.h2database.com/html/features.html#read_only
2026-07-23T18:36:16.774+08:00  INFO 7 --- [run.halo.app.core.extension.reconciler.PluginReconciler-t-1] r.h.a.c.e.reconciler.PluginReconciler    : Resolving logo resource for plugin PluginFeed
2026-07-23T18:36:16.774+08:00  INFO 7 --- [run.halo.app.core.extension.reconciler.PluginReconciler-t-1] r.h.a.c.e.reconciler.PluginReconciler    : Resolving main.js and style.css for plugin PluginFeed
2026-07-23T18:36:16.775+08:00  INFO 7 --- [run.halo.app.core.extension.reconciler.PluginReconciler-t-1] r.h.a.c.e.reconciler.PluginReconciler    : Starting plugin PluginFeed
2026-07-23T18:36:16.778+08:00  INFO 7 --- [run.halo.app.core.extension.reconciler.PluginReconciler-t-1] org.pf4j.AbstractPluginManager           : Enabled plugin 'PluginFeed@1.3.0'
2026-07-23T18:36:16.788+08:00  INFO 7 --- [run.halo.app.core.extension.reconciler.PluginReconciler-t-1] org.pf4j.AbstractPluginManager           : Start plugin 'PluginFeed@1.3.0'
2026-07-23T18:36:16.795+08:00  INFO 7 --- [run.halo.app.core.extension.reconciler.PluginReconciler-t-1] run.halo.app.plugin.SpringPlugin         : Preparing starting plugin PluginFeed
2026-07-23T18:36:16.801+08:00  WARN 7 --- [run.halo.app.core.extension.reconciler.ReverseProxyReconciler-t-1] io.r2dbc.h2.H2Connection                 : Option{name='readOnly', sensitive=false} + isn't supported in H2 at the transaction level. You must set it on conenction URL. See http://www.h2database.com/html/features.html#read_only
2026-07-23T18:36:16.869+08:00  INFO 7 --- [run.halo.app.core.extension.reconciler.PluginReconciler-t-1] run.halo.app.plugin.SpringPlugin         : Application context run.halo.app.plugin.PluginApplicationContext@ed3fe063, started on Thu Jul 23 18:36:16 CST 2026, parent: org.springframework.context.support.GenericApplicationContext@460ea910 for plugin PluginFeed is created
2026-07-23T18:36:16.871+08:00  INFO 7 --- [run.halo.app.core.extension.reconciler.PluginReconciler-t-1] run.halo.app.plugin.SpringPlugin         : Before publishing plugin starting event for plugin PluginFeed
2026-07-23T18:36:16.871+08:00  INFO 7 --- [run.halo.app.core.extension.reconciler.PluginReconciler-t-1] run.halo.app.plugin.SpringPlugin         : After publishing plugin starting event for plugin PluginFeed
2026-07-23T18:36:16.872+08:00  INFO 7 --- [run.halo.app.core.extension.reconciler.PluginReconciler-t-1] run.halo.app.plugin.SpringPlugin         : Starting run.halo.feed.FeedPlugin@d244354a for plugin PluginFeed
2026-07-23T18:36:16.872+08:00  INFO 7 --- [run.halo.app.core.extension.reconciler.PluginReconciler-t-1] run.halo.app.plugin.SpringPlugin         : Started run.halo.feed.FeedPlugin@d244354a for plugin PluginFeed
2026-07-23T18:36:16.872+08:00  INFO 7 --- [run.halo.app.core.extension.reconciler.PluginReconciler-t-1] run.halo.app.plugin.SpringPlugin         : Before publishing plugin started event for plugin PluginFeed
2026-07-23T18:36:16.874+08:00  INFO 7 --- [run.halo.app.core.extension.reconciler.PluginReconciler-t-1] r.h.a.e.controller.DefaultController     : Starting controller run.halo.app.plugin.DefaultReactiveSettingFetcher
2026-07-23T18:36:16.878+08:00  INFO 7 --- [run.halo.app.plugin.DefaultReactiveSettingFetcher-t-1] r.h.a.e.controller.DefaultController     : Controller worker run.halo.app.plugin.DefaultReactiveSettingFetcher-worker-1 started
2026-07-23T18:36:16.879+08:00  INFO 7 --- [run.halo.app.plugin.DefaultReactiveSettingFetcher-t-1] r.h.a.e.controller.RequestSynchronizer   : Starting request(v1alpha1/ConfigMap) synchronizer...
2026-07-23T18:36:16.880+08:00  INFO 7 --- [run.halo.app.plugin.DefaultReactiveSettingFetcher-t-1] r.h.a.e.controller.RequestSynchronizer   : Started request(v1alpha1/ConfigMap) synchronizer.
2026-07-23T18:36:16.886+08:00  INFO 7 --- [run.halo.app.core.extension.reconciler.PluginReconciler-t-1] run.halo.app.plugin.SpringPlugin         : After publishing plugin started event for plugin PluginFeed
2026-07-23T18:36:16.888+08:00  INFO 7 --- [run.halo.app.core.extension.reconciler.PluginReconciler-t-1] r.h.a.c.e.reconciler.PluginReconciler    : Started plugin PluginFeed
2026-07-23T18:36:16.897+08:00  WARN 7 --- [run.halo.app.core.extension.reconciler.PluginReconciler-t-1] io.r2dbc.h2.H2Connection                 : Option{name='readOnly', sensitive=false} + isn't supported in H2 at the transaction level. You must set it on conenction URL. See http://www.h2database.com/html/features.html#read_only
2026-07-23T18:36:16.912+08:00  INFO 7 --- [run.halo.app.core.extension.reconciler.PluginReconciler-t-1] r.h.a.c.e.reconciler.PluginReconciler    : Initializing setting and config map for plugin PluginFeed
2026-07-23T18:36:16.923+08:00  INFO 7 --- [run.halo.app.core.extension.reconciler.PluginReconciler-t-1] r.h.a.c.e.reconciler.PluginReconciler    : Initialized setting plugin-feed-setting for plugin PluginFeed
2026-07-23T18:36:16.930+08:00  INFO 7 --- [run.halo.app.core.extension.reconciler.PluginReconciler-t-1] r.h.a.c.e.reconciler.PluginReconciler    : Initialized config map plugin-feed-config for plugin PluginFeed
2026-07-23T18:36:16.941+08:00  WARN 7 --- [run.halo.app.core.extension.reconciler.PluginReconciler-t-1] io.r2dbc.h2.H2Connection                 : Option{name='readOnly', sensitive=false} + isn't supported in H2 at the transaction level. You must set it on conenction URL. See http://www.h2database.com/html/features.html#read_only
2026-07-23T18:36:16.949+08:00  INFO 7 --- [run.halo.app.core.extension.reconciler.PluginReconciler-t-1] r.h.a.c.e.reconciler.PluginReconciler    : Resolving logo resource for plugin PluginFeed
2026-07-23T18:36:16.950+08:00  INFO 7 --- [run.halo.app.core.extension.reconciler.PluginReconciler-t-1] r.h.a.c.e.reconciler.PluginReconciler    : Resolving main.js and style.css for plugin PluginFeed
2026-07-23T18:36:16.952+08:00  INFO 7 --- [run.halo.app.core.extension.reconciler.PluginReconciler-t-1] r.h.a.c.e.reconciler.PluginReconciler    : Starting plugin PluginFeed
2026-07-23T18:36:16.952+08:00  INFO 7 --- [run.halo.app.core.extension.reconciler.PluginReconciler-t-1] r.h.a.c.e.reconciler.PluginReconciler    : Started plugin PluginFeed
2026-07-23T18:36:16.965+08:00  WARN 7 --- [run.halo.app.core.extension.reconciler.PluginReconciler-t-1] io.r2dbc.h2.H2Connection                 : Option{name='readOnly', sensitive=false} + isn't supported in H2 at the transaction level. You must set it on conenction URL. See http://www.h2database.com/html/features.html#read_only
2026-07-23T18:36:16.979+08:00  WARN 7 --- [run.halo.app.core.extension.reconciler.ReverseProxyReconciler-t-1] io.r2dbc.h2.H2Connection                 : Option{name='readOnly', sensitive=false} + isn't supported in H2 at the transaction level. You must set it on conenction URL. See http://www.h2database.com/html/features.html#read_only
2026-07-23T18:36:17.133+08:00  INFO 7 --- [parallel-1] r.h.a.c.e.s.impl.PluginServiceImpl       : Plugin PluginFeed met expected state STARTED
2026-07-23T18:36:17.258+08:00  WARN 7 --- [boundedElastic-2] io.r2dbc.h2.H2Connection                 : Option{name='readOnly', sensitive=false} + isn't supported in H2 at the transaction level. You must set it on conenction URL. See http://www.h2database.com/html/features.html#read_only
2026-07-23T18:36:17.277+08:00  INFO 7 --- [run.halo.app.core.extension.reconciler.PluginReconciler-t-1] r.h.a.c.e.reconciler.PluginReconciler    : Loading plugin PluginSearchWidget from file:///root/.halo2/plugins/PluginSearchWidget-1.6.2.jar
2026-07-23T18:36:17.284+08:00  INFO 7 --- [run.halo.app.core.extension.reconciler.PluginReconciler-t-1] org.pf4j.AbstractPluginManager           : Plugin 'PluginSearchWidget@1.6.2' resolved
2026-07-23T18:36:17.286+08:00  INFO 7 --- [run.halo.app.core.extension.reconciler.PluginReconciler-t-1] r.h.a.c.e.reconciler.PluginReconciler    : Loaded plugin PluginSearchWidget from file:///root/.halo2/plugins/PluginSearchWidget-1.6.2.jar
2026-07-23T18:36:17.287+08:00  INFO 7 --- [run.halo.app.core.extension.reconciler.PluginReconciler-t-1] r.h.a.c.e.reconciler.PluginReconciler    : Initializing setting and config map for plugin PluginSearchWidget
2026-07-23T18:36:17.318+08:00  WARN 7 --- [reactor-http-epoll-3] io.r2dbc.h2.H2Connection                 : Option{name='readOnly', sensitive=false} + isn't supported in H2 at the transaction level. You must set it on conenction URL. See http://www.h2database.com/html/features.html#read_only
2026-07-23T18:36:17.329+08:00  INFO 7 --- [run.halo.app.core.extension.reconciler.PluginReconciler-t-1] r.h.a.c.e.reconciler.PluginReconciler    : Resolving logo resource for plugin PluginSearchWidget
2026-07-23T18:36:17.329+08:00  INFO 7 --- [run.halo.app.core.extension.reconciler.PluginReconciler-t-1] r.h.a.c.e.reconciler.PluginReconciler    : Resolving main.js and style.css for plugin PluginSearchWidget
2026-07-23T18:36:17.335+08:00  INFO 7 --- [run.halo.app.core.extension.reconciler.PluginReconciler-t-1] org.pf4j.AbstractPluginManager           : Disabled plugin 'PluginSearchWidget@1.6.2'
2026-07-23T18:36:17.361+08:00  WARN 7 --- [reactor-http-epoll-3] io.r2dbc.h2.H2Connection                 : Option{name='readOnly', sensitive=false} + isn't supported in H2 at the transaction level. You must set it on conenction URL. See http://www.h2database.com/html/features.html#read_only
2026-07-23T18:36:17.388+08:00  WARN 7 --- [reactor-http-epoll-3] io.r2dbc.h2.H2Connection                 : Option{name='readOnly', sensitive=false} + isn't supported in H2 at the transaction level. You must set it on conenction URL. See http://www.h2database.com/html/features.html#read_only
2026-07-23T18:36:17.392+08:00  INFO 7 --- [run.halo.app.core.extension.reconciler.PluginReconciler-t-1] r.h.a.c.e.reconciler.PluginReconciler    : Initializing setting and config map for plugin PluginSearchWidget
2026-07-23T18:36:17.450+08:00  WARN 7 --- [reactor-http-epoll-3] io.r2dbc.h2.H2Connection                 : Option{name='readOnly', sensitive=false} + isn't supported in H2 at the transaction level. You must set it on conenction URL. See http://www.h2database.com/html/features.html#read_only
2026-07-23T18:36:17.457+08:00  INFO 7 --- [run.halo.app.core.extension.reconciler.PluginReconciler-t-1] r.h.a.c.e.reconciler.PluginReconciler    : Resolving logo resource for plugin PluginSearchWidget
2026-07-23T18:36:17.458+08:00  INFO 7 --- [run.halo.app.core.extension.reconciler.PluginReconciler-t-1] r.h.a.c.e.reconciler.PluginReconciler    : Resolving main.js and style.css for plugin PluginSearchWidget
2026-07-23T18:36:17.460+08:00  WARN 7 --- [reactor-http-epoll-3] io.r2dbc.h2.H2Connection                 : Option{name='readOnly', sensitive=false} + isn't supported in H2 at the transaction level. You must set it on conenction URL. See http://www.h2database.com/html/features.html#read_only
2026-07-23T18:36:17.475+08:00  WARN 7 --- [reactor-http-epoll-3] io.r2dbc.h2.H2Connection                 : Option{name='readOnly', sensitive=false} + isn't supported in H2 at the transaction level. You must set it on conenction URL. See http://www.h2database.com/html/features.html#read_only
2026-07-23T18:36:17.479+08:00  WARN 7 --- [run.halo.app.core.extension.reconciler.PluginReconciler-t-1] r.h.a.e.controller.DefaultController     : Optimistic locking failure when reconciling request: run.halo.app.core.extension.reconciler.PluginReconciler-worker-1/Request[name=PluginSearchWidget]
2026-07-23T18:36:17.492+08:00  WARN 7 --- [run.halo.app.core.extension.reconciler.ReverseProxyReconciler-t-1] io.r2dbc.h2.H2Connection                 : Option{name='readOnly', sensitive=false} + isn't supported in H2 at the transaction level. You must set it on conenction URL. See http://www.h2database.com/html/features.html#read_only
2026-07-23T18:36:17.494+08:00  INFO 7 --- [run.halo.app.core.extension.reconciler.PluginReconciler-t-1] r.h.a.c.e.reconciler.PluginReconciler    : Initializing setting and config map for plugin PluginSearchWidget
2026-07-23T18:36:17.516+08:00  WARN 7 --- [run.halo.app.core.extension.reconciler.PluginReconciler-t-1] io.r2dbc.h2.H2Connection                 : Option{name='readOnly', sensitive=false} + isn't supported in H2 at the transaction level. You must set it on conenction URL. See http://www.h2database.com/html/features.html#read_only
2026-07-23T18:36:17.528+08:00  INFO 7 --- [run.halo.app.core.extension.reconciler.PluginReconciler-t-1] r.h.a.c.e.reconciler.PluginReconciler    : Resolving logo resource for plugin PluginSearchWidget
2026-07-23T18:36:17.539+08:00  WARN 7 --- [run.halo.app.core.extension.reconciler.ReverseProxyReconciler-t-1] io.r2dbc.h2.H2Connection                 : Option{name='readOnly', sensitive=false} + isn't supported in H2 at the transaction level. You must set it on conenction URL. See http://www.h2database.com/html/features.html#read_only
2026-07-23T18:36:17.541+08:00  INFO 7 --- [run.halo.app.core.extension.reconciler.PluginReconciler-t-1] r.h.a.c.e.reconciler.PluginReconciler    : Resolving main.js and style.css for plugin PluginSearchWidget
2026-07-23T18:36:17.541+08:00  INFO 7 --- [run.halo.app.core.extension.reconciler.PluginReconciler-t-1] r.h.a.c.e.reconciler.PluginReconciler    : Starting plugin PluginSearchWidget
2026-07-23T18:36:17.543+08:00  INFO 7 --- [run.halo.app.core.extension.reconciler.PluginReconciler-t-1] org.pf4j.AbstractPluginManager           : Enabled plugin 'PluginSearchWidget@1.6.2'
2026-07-23T18:36:17.546+08:00  INFO 7 --- [run.halo.app.core.extension.reconciler.PluginReconciler-t-1] org.pf4j.AbstractPluginManager           : Start plugin 'PluginSearchWidget@1.6.2'
2026-07-23T18:36:17.555+08:00  INFO 7 --- [run.halo.app.core.extension.reconciler.PluginReconciler-t-1] run.halo.app.plugin.SpringPlugin         : Preparing starting plugin PluginSearchWidget
2026-07-23T18:36:17.601+08:00  INFO 7 --- [run.halo.app.core.extension.reconciler.PluginReconciler-t-1] run.halo.app.plugin.SpringPlugin         : Application context run.halo.app.plugin.PluginApplicationContext@1c46d793, started on Thu Jul 23 18:36:17 CST 2026, parent: org.springframework.context.support.GenericApplicationContext@460ea910 for plugin PluginSearchWidget is created
2026-07-23T18:36:17.602+08:00  INFO 7 --- [run.halo.app.core.extension.reconciler.PluginReconciler-t-1] run.halo.app.plugin.SpringPlugin         : Before publishing plugin starting event for plugin PluginSearchWidget
2026-07-23T18:36:17.602+08:00  INFO 7 --- [run.halo.app.core.extension.reconciler.PluginReconciler-t-1] run.halo.app.plugin.SpringPlugin         : After publishing plugin starting event for plugin PluginSearchWidget
2026-07-23T18:36:17.602+08:00  INFO 7 --- [run.halo.app.core.extension.reconciler.PluginReconciler-t-1] run.halo.app.plugin.SpringPlugin         : Starting run.halo.search.widget.SearchWidgetPlugin@37c167e4 for plugin PluginSearchWidget
2026-07-23T18:36:17.602+08:00  INFO 7 --- [run.halo.app.core.extension.reconciler.PluginReconciler-t-1] run.halo.app.plugin.SpringPlugin         : Started run.halo.search.widget.SearchWidgetPlugin@37c167e4 for plugin PluginSearchWidget
2026-07-23T18:36:17.602+08:00  INFO 7 --- [run.halo.app.core.extension.reconciler.PluginReconciler-t-1] run.halo.app.plugin.SpringPlugin         : Before publishing plugin started event for plugin PluginSearchWidget
2026-07-23T18:36:17.604+08:00  INFO 7 --- [run.halo.app.core.extension.reconciler.PluginReconciler-t-1] r.h.a.e.controller.DefaultController     : Starting controller run.halo.app.plugin.DefaultReactiveSettingFetcher
2026-07-23T18:36:17.610+08:00  INFO 7 --- [run.halo.app.plugin.DefaultReactiveSettingFetcher-t-1] r.h.a.e.controller.DefaultController     : Controller worker run.halo.app.plugin.DefaultReactiveSettingFetcher-worker-1 started
2026-07-23T18:36:17.610+08:00  INFO 7 --- [run.halo.app.plugin.DefaultReactiveSettingFetcher-t-1] r.h.a.e.controller.RequestSynchronizer   : Starting request(v1alpha1/ConfigMap) synchronizer...
2026-07-23T18:36:17.611+08:00  INFO 7 --- [run.halo.app.plugin.DefaultReactiveSettingFetcher-t-1] r.h.a.e.controller.RequestSynchronizer   : Started request(v1alpha1/ConfigMap) synchronizer.
2026-07-23T18:36:17.649+08:00  WARN 7 --- [run.halo.app.core.extension.reconciler.PluginReconciler-t-1] io.r2dbc.h2.H2Connection                 : Option{name='readOnly', sensitive=false} + isn't supported in H2 at the transaction level. You must set it on conenction URL. See http://www.h2database.com/html/features.html#read_only
2026-07-23T18:36:17.656+08:00  INFO 7 --- [run.halo.app.core.extension.reconciler.PluginReconciler-t-1] run.halo.app.plugin.SpringPlugin         : After publishing plugin started event for plugin PluginSearchWidget
2026-07-23T18:36:17.657+08:00  INFO 7 --- [run.halo.app.core.extension.reconciler.PluginReconciler-t-1] r.h.a.c.e.reconciler.PluginReconciler    : Started plugin PluginSearchWidget
2026-07-23T18:36:17.667+08:00  WARN 7 --- [run.halo.app.core.extension.reconciler.PluginReconciler-t-1] io.r2dbc.h2.H2Connection                 : Option{name='readOnly', sensitive=false} + isn't supported in H2 at the transaction level. You must set it on conenction URL. See http://www.h2database.com/html/features.html#read_only
2026-07-23T18:36:17.684+08:00  WARN 7 --- [run.halo.app.core.extension.reconciler.ReverseProxyReconciler-t-1] io.r2dbc.h2.H2Connection                 : Option{name='readOnly', sensitive=false} + isn't supported in H2 at the transaction level. You must set it on conenction URL. See http://www.h2database.com/html/features.html#read_only
2026-07-23T18:36:17.820+08:00  INFO 7 --- [parallel-1] r.h.a.c.e.s.impl.PluginServiceImpl       : Plugin PluginSearchWidget met expected state STARTED
2026-07-23T18:36:17.952+08:00  WARN 7 --- [boundedElastic-2] io.r2dbc.h2.H2Connection                 : Option{name='readOnly', sensitive=false} + isn't supported in H2 at the transaction level. You must set it on conenction URL. See http://www.h2database.com/html/features.html#read_only
2026-07-23T18:36:17.971+08:00  INFO 7 --- [run.halo.app.core.extension.reconciler.PluginReconciler-t-1] r.h.a.c.e.reconciler.PluginReconciler    : Loading plugin PluginSitemap from file:///root/.halo2/plugins/PluginSitemap-1.1.2.jar
2026-07-23T18:36:17.978+08:00  INFO 7 --- [run.halo.app.core.extension.reconciler.PluginReconciler-t-1] org.pf4j.AbstractPluginManager           : Plugin 'PluginSitemap@1.1.2' resolved
2026-07-23T18:36:17.985+08:00  INFO 7 --- [run.halo.app.core.extension.reconciler.PluginReconciler-t-1] r.h.a.c.e.reconciler.PluginReconciler    : Loaded plugin PluginSitemap from file:///root/.halo2/plugins/PluginSitemap-1.1.2.jar
2026-07-23T18:36:17.986+08:00  INFO 7 --- [run.halo.app.core.extension.reconciler.PluginReconciler-t-1] r.h.a.c.e.reconciler.PluginReconciler    : Initializing setting and config map for plugin PluginSitemap
2026-07-23T18:36:17.994+08:00  WARN 7 --- [run.halo.app.core.extension.reconciler.PluginReconciler-t-1] io.r2dbc.h2.H2Connection                 : Option{name='readOnly', sensitive=false} + isn't supported in H2 at the transaction level. You must set it on conenction URL. See http://www.h2database.com/html/features.html#read_only
2026-07-23T18:36:17.999+08:00  INFO 7 --- [run.halo.app.core.extension.reconciler.PluginReconciler-t-1] r.h.a.c.e.reconciler.PluginReconciler    : Initialized setting sitemap-settings for plugin PluginSitemap
2026-07-23T18:36:18.004+08:00  WARN 7 --- [run.halo.app.core.extension.reconciler.PluginReconciler-t-1] io.r2dbc.h2.H2Connection                 : Option{name='readOnly', sensitive=false} + isn't supported in H2 at the transaction level. You must set it on conenction URL. See http://www.h2database.com/html/features.html#read_only
2026-07-23T18:36:18.009+08:00  INFO 7 --- [run.halo.app.core.extension.reconciler.PluginReconciler-t-1] r.h.a.c.e.reconciler.PluginReconciler    : Initialized config map sitemap-configMap for plugin PluginSitemap
2026-07-23T18:36:18.014+08:00  WARN 7 --- [run.halo.app.core.extension.reconciler.PluginReconciler-t-1] io.r2dbc.h2.H2Connection                 : Option{name='readOnly', sensitive=false} + isn't supported in H2 at the transaction level. You must set it on conenction URL. See http://www.h2database.com/html/features.html#read_only
2026-07-23T18:36:18.019+08:00  INFO 7 --- [run.halo.app.core.extension.reconciler.PluginReconciler-t-1] r.h.a.c.e.reconciler.PluginReconciler    : Resolving logo resource for plugin PluginSitemap
2026-07-23T18:36:18.020+08:00  INFO 7 --- [run.halo.app.core.extension.reconciler.PluginReconciler-t-1] r.h.a.c.e.reconciler.PluginReconciler    : Resolving main.js and style.css for plugin PluginSitemap
2026-07-23T18:36:18.022+08:00  INFO 7 --- [run.halo.app.core.extension.reconciler.PluginReconciler-t-1] org.pf4j.AbstractPluginManager           : Disabled plugin 'PluginSitemap@1.1.2'
2026-07-23T18:36:18.032+08:00  WARN 7 --- [run.halo.app.core.extension.reconciler.PluginReconciler-t-1] io.r2dbc.h2.H2Connection                 : Option{name='readOnly', sensitive=false} + isn't supported in H2 at the transaction level. You must set it on conenction URL. See http://www.h2database.com/html/features.html#read_only
2026-07-23T18:36:18.051+08:00  WARN 7 --- [run.halo.app.core.extension.reconciler.ReverseProxyReconciler-t-1] io.r2dbc.h2.H2Connection                 : Option{name='readOnly', sensitive=false} + isn't supported in H2 at the transaction level. You must set it on conenction URL. See http://www.h2database.com/html/features.html#read_only
2026-07-23T18:36:18.061+08:00  INFO 7 --- [run.halo.app.core.extension.reconciler.PluginReconciler-t-1] r.h.a.c.e.reconciler.PluginReconciler    : Initializing setting and config map for plugin PluginSitemap
2026-07-23T18:36:18.090+08:00  INFO 7 --- [run.halo.app.core.extension.reconciler.PluginReconciler-t-1] r.h.a.c.e.reconciler.PluginReconciler    : Initialized setting sitemap-settings for plugin PluginSitemap
2026-07-23T18:36:18.109+08:00  INFO 7 --- [run.halo.app.core.extension.reconciler.PluginReconciler-t-1] r.h.a.c.e.reconciler.PluginReconciler    : Initialized config map sitemap-configMap for plugin PluginSitemap
2026-07-23T18:36:18.125+08:00  WARN 7 --- [reactor-http-epoll-3] io.r2dbc.h2.H2Connection                 : Option{name='readOnly', sensitive=false} + isn't supported in H2 at the transaction level. You must set it on conenction URL. See http://www.h2database.com/html/features.html#read_only
2026-07-23T18:36:18.131+08:00  WARN 7 --- [reactor-http-epoll-3] io.r2dbc.h2.H2Connection                 : Option{name='readOnly', sensitive=false} + isn't supported in H2 at the transaction level. You must set it on conenction URL. See http://www.h2database.com/html/features.html#read_only
2026-07-23T18:36:18.134+08:00  INFO 7 --- [run.halo.app.core.extension.reconciler.PluginReconciler-t-1] r.h.a.c.e.reconciler.PluginReconciler    : Resolving logo resource for plugin PluginSitemap
2026-07-23T18:36:18.135+08:00  INFO 7 --- [run.halo.app.core.extension.reconciler.PluginReconciler-t-1] r.h.a.c.e.reconciler.PluginReconciler    : Resolving main.js and style.css for plugin PluginSitemap
2026-07-23T18:36:18.154+08:00  WARN 7 --- [reactor-http-epoll-3] io.r2dbc.h2.H2Connection                 : Option{name='readOnly', sensitive=false} + isn't supported in H2 at the transaction level. You must set it on conenction URL. See http://www.h2database.com/html/features.html#read_only
2026-07-23T18:36:18.161+08:00  WARN 7 --- [run.halo.app.core.extension.reconciler.PluginReconciler-t-1] r.h.a.e.controller.DefaultController     : Optimistic locking failure when reconciling request: run.halo.app.core.extension.reconciler.PluginReconciler-worker-1/Request[name=PluginSitemap]
2026-07-23T18:36:18.173+08:00  WARN 7 --- [run.halo.app.core.extension.reconciler.ReverseProxyReconciler-t-1] io.r2dbc.h2.H2Connection                 : Option{name='readOnly', sensitive=false} + isn't supported in H2 at the transaction level. You must set it on conenction URL. See http://www.h2database.com/html/features.html#read_only
2026-07-23T18:36:18.174+08:00  INFO 7 --- [run.halo.app.core.extension.reconciler.PluginReconciler-t-1] r.h.a.c.e.reconciler.PluginReconciler    : Initializing setting and config map for plugin PluginSitemap
2026-07-23T18:36:18.195+08:00  INFO 7 --- [run.halo.app.core.extension.reconciler.PluginReconciler-t-1] r.h.a.c.e.reconciler.PluginReconciler    : Initialized setting sitemap-settings for plugin PluginSitemap
2026-07-23T18:36:18.202+08:00  INFO 7 --- [run.halo.app.core.extension.reconciler.PluginReconciler-t-1] r.h.a.c.e.reconciler.PluginReconciler    : Initialized config map sitemap-configMap for plugin PluginSitemap
2026-07-23T18:36:18.213+08:00  WARN 7 --- [run.halo.app.core.extension.reconciler.PluginReconciler-t-1] io.r2dbc.h2.H2Connection                 : Option{name='readOnly', sensitive=false} + isn't supported in H2 at the transaction level. You must set it on conenction URL. See http://www.h2database.com/html/features.html#read_only
2026-07-23T18:36:18.219+08:00  INFO 7 --- [run.halo.app.core.extension.reconciler.PluginReconciler-t-1] r.h.a.c.e.reconciler.PluginReconciler    : Resolving logo resource for plugin PluginSitemap
2026-07-23T18:36:18.220+08:00  INFO 7 --- [run.halo.app.core.extension.reconciler.PluginReconciler-t-1] r.h.a.c.e.reconciler.PluginReconciler    : Resolving main.js and style.css for plugin PluginSitemap
2026-07-23T18:36:18.221+08:00  INFO 7 --- [run.halo.app.core.extension.reconciler.PluginReconciler-t-1] r.h.a.c.e.reconciler.PluginReconciler    : Starting plugin PluginSitemap
2026-07-23T18:36:18.222+08:00  INFO 7 --- [run.halo.app.core.extension.reconciler.PluginReconciler-t-1] org.pf4j.AbstractPluginManager           : Enabled plugin 'PluginSitemap@1.1.2'
2026-07-23T18:36:18.222+08:00  INFO 7 --- [run.halo.app.core.extension.reconciler.PluginReconciler-t-1] org.pf4j.AbstractPluginManager           : Start plugin 'PluginSitemap@1.1.2'
2026-07-23T18:36:18.226+08:00  INFO 7 --- [run.halo.app.core.extension.reconciler.PluginReconciler-t-1] run.halo.app.plugin.SpringPlugin         : Preparing starting plugin PluginSitemap
2026-07-23T18:36:18.242+08:00  WARN 7 --- [run.halo.app.core.extension.reconciler.ReverseProxyReconciler-t-1] io.r2dbc.h2.H2Connection                 : Option{name='readOnly', sensitive=false} + isn't supported in H2 at the transaction level. You must set it on conenction URL. See http://www.h2database.com/html/features.html#read_only
2026-07-23T18:36:18.301+08:00  INFO 7 --- [run.halo.app.core.extension.reconciler.PluginReconciler-t-1] run.halo.app.plugin.SpringPlugin         : Application context run.halo.app.plugin.PluginApplicationContext@c44d8043, started on Thu Jul 23 18:36:18 CST 2026, parent: org.springframework.context.support.GenericApplicationContext@460ea910 for plugin PluginSitemap is created
2026-07-23T18:36:18.302+08:00  INFO 7 --- [run.halo.app.core.extension.reconciler.PluginReconciler-t-1] run.halo.app.plugin.SpringPlugin         : Before publishing plugin starting event for plugin PluginSitemap
2026-07-23T18:36:18.303+08:00  INFO 7 --- [run.halo.app.core.extension.reconciler.PluginReconciler-t-1] run.halo.app.plugin.SpringPlugin         : After publishing plugin starting event for plugin PluginSitemap
2026-07-23T18:36:18.303+08:00  INFO 7 --- [run.halo.app.core.extension.reconciler.PluginReconciler-t-1] run.halo.app.plugin.SpringPlugin         : Starting run.halo.sitemap.SitemapPlugin@1ac483a for plugin PluginSitemap
2026-07-23T18:36:18.303+08:00  INFO 7 --- [run.halo.app.core.extension.reconciler.PluginReconciler-t-1] run.halo.app.plugin.SpringPlugin         : Started run.halo.sitemap.SitemapPlugin@1ac483a for plugin PluginSitemap
2026-07-23T18:36:18.303+08:00  INFO 7 --- [run.halo.app.core.extension.reconciler.PluginReconciler-t-1] run.halo.app.plugin.SpringPlugin         : Before publishing plugin started event for plugin PluginSitemap
2026-07-23T18:36:18.304+08:00  INFO 7 --- [run.halo.app.core.extension.reconciler.PluginReconciler-t-1] r.h.a.e.controller.DefaultController     : Starting controller run.halo.app.plugin.DefaultReactiveSettingFetcher
2026-07-23T18:36:18.314+08:00  INFO 7 --- [run.halo.app.core.extension.reconciler.PluginReconciler-t-1] run.halo.app.plugin.SpringPlugin         : After publishing plugin started event for plugin PluginSitemap
2026-07-23T18:36:18.314+08:00  INFO 7 --- [run.halo.app.core.extension.reconciler.PluginReconciler-t-1] r.h.a.c.e.reconciler.PluginReconciler    : Started plugin PluginSitemap
2026-07-23T18:36:18.317+08:00  INFO 7 --- [run.halo.app.plugin.DefaultReactiveSettingFetcher-t-1] r.h.a.e.controller.DefaultController     : Controller worker run.halo.app.plugin.DefaultReactiveSettingFetcher-worker-1 started
2026-07-23T18:36:18.317+08:00  INFO 7 --- [run.halo.app.plugin.DefaultReactiveSettingFetcher-t-1] r.h.a.e.controller.RequestSynchronizer   : Starting request(v1alpha1/ConfigMap) synchronizer...
2026-07-23T18:36:18.318+08:00  INFO 7 --- [run.halo.app.plugin.DefaultReactiveSettingFetcher-t-1] r.h.a.e.controller.RequestSynchronizer   : Started request(v1alpha1/ConfigMap) synchronizer.
2026-07-23T18:36:18.328+08:00  WARN 7 --- [run.halo.app.core.extension.reconciler.PluginReconciler-t-1] io.r2dbc.h2.H2Connection                 : Option{name='readOnly', sensitive=false} + isn't supported in H2 at the transaction level. You must set it on conenction URL. See http://www.h2database.com/html/features.html#read_only
2026-07-23T18:36:18.430+08:00  INFO 7 --- [parallel-1] r.h.a.c.e.s.impl.PluginServiceImpl       : Plugin PluginSitemap met expected state STARTED
2026-07-23T18:36:18.512+08:00  WARN 7 --- [reactor-http-epoll-3] io.r2dbc.h2.H2Connection                 : Option{name='readOnly', sensitive=false} + isn't supported in H2 at the transaction level. You must set it on conenction URL. See http://www.h2database.com/html/features.html#read_only
2026-07-23T18:37:12.761+08:00  WARN 7 --- [run.halo.app.core.extension.reconciler.MenuItemReconciler-t-1] io.r2dbc.h2.H2Connection                 : Option{name='readOnly', sensitive=false} + isn't supported in H2 at the transaction level. You must set it on conenction URL. See http://www.h2database.com/html/features.html#read_only
